,id,index,text
429,1.12e+18,429,"RT @HSELive: 300 women develop cervical cancer in Ireland each year, and 90 of these women will go on to die from the disease. HPV vaccine‚Ä¶"
235,1.12e+18,235,RT @SNCCLA: Court ruling highlights the threat of vaccine misinformation https://t.co/M6ulsWYciD HPV causing increased cancer in recipients‚Ä¶
442,1.12e+18,442,"RT @ViraBurnayeva: According to data compiled by the WHO in its VigiAccess Database, there have been 90,000+ reports of adverse reactions t‚Ä¶"
272,1.12e+18,272,"RT @GaviSeth: Today is the anniversary of the death of Maurice Hilleman, the American biologist who developed over 40 vaccines. We have him‚Ä¶"
3,1.12e+18,3,@BrianRAlexander Jonas Salk could‚Äôve gotten insanely rich from the polio vaccine. But he didn‚Äôt do it. Imagine if some modern day type capitalists had gotten ahold of the polio vaccine? You can get vaccinated. Provided you have enough money to pay for
447,1.12e+18,447,@Finnpal https://t.co/3Z2EJ7cdEm
85,1.12e+18,85,"@FlexAddict Wait. What facts are you using? The fact that before vaccine for measles 2.6 million a year died? Before the vaccine for polio, thousands died and 10's of thousands were left with full/partial paralysis(just the US in 1952) so what facts do yo"
267,1.12e+18,267,RT @behealthyusa: 13-Year-Boy Is Paralyzed From The Neck Down After Gardasil HPV Vaccine https://t.co/4EXkD17bvd
221,1.12e+18,221,Full Interview - https://t.co/1zYfvxFWE3  How can we counter #VaccineHesitancy? -Use a multi-pronged approach  -Include vaccine education in schools (HCPs+general public)  -Targeted public health messages  -Accessible immunization programs  -Control the spread of misinformation
333,1.12e+18,333,@MichelleRempel Using it to relate to vaccines didn‚Äôt happen until the ‚Äò50‚Äôs when polio vaccine was made Artificial immunity is not the same.
187,1.12e+18,187,RT @nicd_sa: The Flu vaccine is necessary every year because the influenza virus changes each year or is a mutation of an existing one.The‚Ä¶
411,1.12e+18,411,"RT @drnikkistamp: Our heart transplant patients are worried about #measles outbreaks, but because #MMR is a live attenuated vaccine, they c‚Ä¶"
48,1.12e+18,48,"RT @voxdotcom: Anti-vaccine advocates have swayed parents in New York to refuse immunizations for their kids, sparking two of the largest m‚Ä¶"
266,1.12e+18,266,"RT @MichelleRempel: Get vaccinated, and vaccinate your children. Herd immunity saves lives. There is no reason for anyone to contract or sp‚Ä¶"
83,1.12e+18,83,RT @NYCHealthCommr: Thanks to Rabbi Dr. Aaron Glatt for taking a stand against anti-vaxxers and sharing the science-based evidence that the‚Ä¶
112,1.12e+18,112,"RT @nltarlow: You want to force #vaccinations, then remove the zero liability that #vaccine manufacturers currently have. We'll see how fas‚Ä¶"
284,1.12e+18,284,RT @gilljacobs1: How to Immunize Yourself Against Vaccine Propaganda https://t.co/f5jIXyyOgz via @JeremyRHammond
100,1.12e+18,100,"RT @ViraBurnayeva: ""Water that contains more than 0.2 mg (200 mcg) #Aluminum per LITER should not be used for drinking or to prepare infant‚Ä¶"
95,1.12e+18,95,"RT @Stephenteap: My wife was one of the 90 women to die from this in 2017, the vaccine wasn't around when she was young, it is now. Protect‚Ä¶"
315,1.12e+18,315,RT @REGRET_ie: Getting the HPV vaccine ruined my life.. https://t.co/TZETBzJ8jC
365,1.12e+18,365,RT @StephRosenstein: @neiltyson SCIENTISTS: We‚Äôve created this incredible vaccine to help rid humanity of life threatening diseases. RESPON‚Ä¶
318,1.12e+18,318,RT @nypost: How young is too young for the measles vaccine? https://t.co/GxtG7XjoXz https://t.co/Sg5kQ9WQU2
356,1.12e+18,356,RT @ForeignPolicy: A recent study found that thousands of Russian accounts used to spread disinformation had seized on anti-vaccine messagi‚Ä¶
94,1.12e+18,94,"of the King Carlos IV, called the ""Royal Philanthropic Vaccine Expedition"". The only way to safely transport the vaccine overseas was to innoculate it into a person and make it into a ""living vaccine""; as you can imagine, orphans were a great option for this. There were lots"
261,1.12e+18,261,RT @NVICLoeDown: Anti-Vaccine Japan Has World‚Äôs Lowest Child Death Rate &amp; Highest Life Expectancy Fact: Japan has the lowest infant mortali‚Ä¶
212,1.12e+18,212,RT @Wallace_Noll: @DoctorChristian YouTube is filled with testimonies from young women who've been rendered permanently ill by this vaccine‚Ä¶
120,1.12e+18,120,@CTVNews When did people start getting so stupid about vaccines? One guy writes a book and 1 former Playmate agrees with him then people jump on the anti vaccine wagon. Look at the history of what vaccines have done.
55,1.12e+18,55,RT @ForeignPolicy: A recent study found that thousands of Russian accounts used to spread disinformation had seized on anti-vaccine messagi‚Ä¶
200,1.12e+18,200,RT @wakeupwithlinda: California is trying to eliminate vaccine medical exemptions. At what point are the rest of you going to wake up to th‚Ä¶
207,1.12e+18,207,@ScienceNotDogma @DanRather My point continues to be that vaccinated people should have nothing to fear from unvaccinated people. Full stop. Unless you‚Äôre saying the vaccine doesn‚Äôt work. Stop moving the goal post.
445,1.12e+18,445,@PositiveInCLE https://t.co/3Z2EJ7cdEm
476,1.12e+18,476,@FionaMattatall https://t.co/3Z2EJ7cdEm
453,1.12e+18,453,#vaccines #VACCINE #Vaxxed
54,1.12e+18,54,RT @ForeignPolicy: A recent study found that thousands of Russian accounts used to spread disinformation had seized on anti-vaccine messagi‚Ä¶
332,1.12e+18,332,"RT @GaviSeth: Today is the anniversary of the death of Maurice Hilleman, the American biologist who developed over 40 vaccines. We have him‚Ä¶"
108,1.12e+18,108,"That's that for @SenateApprops Labor/#HHS Subcommittee hearing on #NIH funding. Many on the panel say #Trump2020Budget a no-go/dead on arrival.  Lots of talk today about IP theft, #sexualharassment. Also some again on #measles vaccine. #flu #Ebola #cancer #vaccines #HIV #BRAINI"
148,1.12e+18,148,RT @dpmlawfirm: The Vaccine Lottery ‚Äì Sacrifice the Children https://t.co/FGhSloOTCI
76,1.12e+18,76,"RT @Stephenteap: My wife was one of the 90 women to die from this in 2017, the vaccine wasn't around when she was young, it is now. Protect‚Ä¶"
421,1.12e+18,421,"RT @MichelleRempel: Get vaccinated, and vaccinate your children. Herd immunity saves lives. There is no reason for anyone to contract or sp‚Ä¶"
160,1.12e+18,160,RT @DoctorChristian: For all the bullshit about #Gardasil and the #HPV vaccine that‚Äôs clogging up the Internet here is the truth: the jab h‚Ä¶
164,1.12e+18,164,@AndrewLazarus4 @jerseyshorelisa @TioChango_ @ArcaneKnowledge @doritmi @chickenlady100 @monis1013 @rugbyrhino16 @ChrisJohnsonMD @DemocratFed @t3tragrammat0n @post_waffle @MeddlinMegs @VeritasEver @Boxmenot @emartinez78987 @BlueLionBlog @lizswiger1939 @Emm
65,1.12e+18,65,A New Cancer ‚ÄòVaccine‚Äô Uses the Immune System to Take Out Tumors  https://t.co/eyMkJWE5Nk
316,1.12e+18,316,@PaulRya69766372 @officialjenncam @Anthony_Mundine HPV is a new vaccine.
77,1.12e+18,77,RT @nurse_writer: @lifebiomedguru @Stutzy6 In one study 55% of children had upper respiratory infections following the vaccine and 40% had‚Ä¶
271,1.12e+18,271,"De Blasio's vaccination order is met with shrugs and defiance in Brooklyn, the center of the city's measles outbreak @hgoldman77 https://t.co/eQuSv5alRd via @bpolitics"
291,1.12e+18,291,RT @ZeroOpie: CBS Busted By Mom For Using Image Of Her Vaccine-Injured Child To Falsely Claim Measles Caused Injuries https://t.co/pavlXyn5‚Ä¶
166,1.12e+18,166,@Storm_fa_Q @ladydashby @SciFiCentric @JohnSibson @CCees @Takethatdoctors @1crazy_toaster @TinFoilAwards @TSauce33 @belle_vivant1 @thereal_truther @plgtre @aryaslist19 @DocBastard @drfixus @PeterHotez @TakeThatToxins @TakeThatSalk @TakeThatCDC Is this a v
481,1.12e+18,481,RT @DrJenGunter: So apparently you have no idea what is in each vaccine or how vaccines work.  Where exactly did you get your medical degre‚Ä¶
242,1.12e+18,242,@ChuckCallesto In this link you will find a form you can print and take with you to have the medical provider sign- stating they take responsibility for any damages which occur by the vaccine. If they don‚Äôt sign it- don‚Äôt submit https://t.co/p1XhFs9Bg
277,1.12e+18,277,RT @StephRosenstein: @neiltyson SCIENTISTS: We‚Äôve created this incredible vaccine to help rid humanity of life threatening diseases. RESPON‚Ä¶
305,1.12e+18,305,Panel endorses bill curbing vaccine exemptions for Maine schoolchildren #MEnews #megov #mepolitics https://t.co/dA24PXSKqo
178,1.12e+18,178,RT @ForeignPolicy: A recent study found that thousands of Russian accounts used to spread disinformation had seized on anti-vaccine messagi‚Ä¶
81,1.12e+18,81,RT @ForeignPolicy: A recent study found that thousands of Russian accounts used to spread disinformation had seized on anti-vaccine messagi‚Ä¶
257,1.12e+18,257,@HighJusticeGrim @cyberpreppy @ryanqnorth Maybe If you did some research on it you would see the rate of autism increase follows very closely to the vaccine rate increase over the last 50 years or so. Why did congress a couple weeks ago not allow Kennedy 
33,1.12e+18,33,"RT @business: Bill De Blasio's vaccination order is met with shrugs and defiance in Brooklyn, the center of the city's measles outbreak htt‚Ä¶"
91,1.12e+18,91,RT @davi326: New York's Vaccine Order Shows How Health Laws Are Failing Us | WIRED #health #VaccinesWork #VaccinesSaveLives #NewYork  https‚Ä¶
51,1.12e+18,51,"RT @bpolitics: De Blasio's vaccination order is met with shrugs and defiance in Brooklyn, the center of the city's measles outbreak https:/‚Ä¶"
477,1.12e+18,477,RT @SarahWa26114248: @The_ClaireWitch @Charbrevolution @glovoi_net @Charley_ZanMato @forrestmaready Fine? Like the 98 million people who we‚Ä¶
125,1.12e+18,125,"RT @Stephenteap: My wife was one of the 90 women to die from this in 2017, the vaccine wasn't around when she was young, it is now. Protect‚Ä¶"
243,1.12e+18,243,@Boxmenot @jerseyshorelisa @doritmi @Equality_7x2521 @mcfunny @ChrisJohnsonMD @TioChango_ @LaughlandMorgan @ArcaneKnowledge @chickenlady100 @monis1013 @rugbyrhino16 @DemocratFed @t3tragrammat0n @post_waffle @MeddlinMegs @VeritasEver @emartinez78987 @BlueL
366,1.12e+18,366,RT @seki_yo: HPV Vaccine On Trial https://t.co/EwJAL5NnVA https://t.co/0T0KDo7kZE
273,1.12e+18,273,RT @qadir_sediqi: #AFG. #Taliban banned #WHO &amp; #ICRC‚Äôs operations in country. The group in a statement said:‚Äù their (WHO &amp; ICRC) suspicious‚Ä¶
116,1.12e+18,116,"In 1963, virologists isolated measles virus from 13-yo David Edmonston's blood. John Enders' lab grew it in flasks and rendered it attenuated (weakened), capable of provoking immunity and not illness. The very definition of a vaccine. Literally millions of lives saved since."
173,1.12e+18,173,"RT @hannahemaier: Trust a better tool than shaming when it comes to changing anti-vaccine views, says OU professor  https://t.co/iNLO84bYTl"
262,1.12e+18,262,New ‚ÄòCancer Vaccine‚Äô Attacks Tumors From¬†Within https://t.co/haYiHopiA5 https://t.co/Neu5Ks3YPH
110,1.12e+18,110,"MHRP at @wrair scientist Dr. Morgane Rolland co-edited an issue of Current Opinion in HIV and AIDS devoted to #HIV phylogenetics, focusing on how viral diversity research can improve understanding of the epidemic and inform vaccine design: https://t.co/4IuMgK1GKY @HJFMilMed https://t.co/bDLQIrvtGy"
239,1.12e+18,239,RT @sakamobi: „ÄêÁîªÂÉè„Äë„ÉØ„ÇØ„ÉÅ„É≥„ÇíÂèó„Åë„Å™„ÅÑ‰∏ªÁæ©„ÅÆ‰∫∫ÈÅî„ÅåÂ≠òÂú®„Åô„Çã„Å®„ÅÑ„ÅÜË°ùÊíÉ„ÅÆ‰∫ãÂÆü‚Ä¶Ëá™ÂàÜ„ÅÆÂ≠ê‰æõ„Å∏„ÅÆ„ÉØ„ÇØ„ÉÅ„É≥„ÇíÊãíÂê¶„Åô„ÇãË¶™„Åü„Å° https://t.co/ujOsTaqjFn  „ÄåÁÑ°ÈßÑ„Å´ÊÑèË≠ò„Å†„ÅëÈ´ò„ÅÑ‰∫∫„Äç„ÅÆË¢´ÂÆ≥„Åå„Åì„Çì„Å™„Å®„Åì„Çç„Å´„ÇÇ‚Ä¶üò©üò©üò©  ‚Äª„É™„É≥„ÇØÂÖà„Å´ÁîªÂÉè„ÅÇ„Çä
150,1.12e+18,150,"Recent Job Vacancies at Education as a Vaccine, 11th April, 2019 https://t.co/aZHljea14S #ngononprofitassociations"
463,1.12e+18,463,RT @AmerDentalAssn: ADA dentist Dr. Josephine Chang-Pallotto uses her personal loss to raise awareness of oral cancer and the HPV vaccine.‚Ä¶
133,1.12e+18,133,"RT @MichelleRempel: Get vaccinated, and vaccinate your children. Herd immunity saves lives. There is no reason for anyone to contract or sp‚Ä¶"
167,1.12e+18,167,@Complex VACCINE YOUR KIDS PEOPLE
123,1.12e+18,123,RT @earther_the: @DoctorChristian This vaccine has killed hundreds and maimed thousands of girls worldwide. It has caused cases of infertil‚Ä¶
165,1.12e+18,165,"RT @Stephenteap: My wife was one of the 90 women to die from this in 2017, the vaccine wasn't around when she was young, it is now. Protect‚Ä¶"
146,1.12e+18,146,Passport? Sunglasses? Camera? Check! Don‚Äôt forget about protecting your health before leaving. Travel is in the spotlight on Vaccines411 and has all the pre-travel tips and resources you need:  https://t.co/sCrBkE986Q #TravelThursday #TravelTips
144,1.12e+18,144,RT @dpmlawfirm: Drug Company Dollars control Vaccine Injury News https://t.co/APaOUOGK7x
319,1.12e+18,319,"RT @MichelleRempel: Get vaccinated, and vaccinate your children. Herd immunity saves lives. There is no reason for anyone to contract or sp‚Ä¶"
168,1.12e+18,168,@KFreehams Haha. Do you know what measles are? Can we get a vaccine against #ignorance ?
420,1.12e+18,420,RT @StephRosenstein: @neiltyson SCIENTISTS: We‚Äôve created this incredible vaccine to help rid humanity of life threatening diseases. RESPON‚Ä¶
347,1.12e+18,347,"@duxmom24 @daveleifer Argument fail.   People, like the recently #vaccinated, who can contract &amp; spread  wild disease strains   AND   #vaccine-derived disease strains,   cannot possibly protect the #immunocompromised. ü§¶‚Äç‚ôÄÔ∏è  https://t.co/tmf7O"
263,1.12e+18,263,"@CardinalWayne @MichelleRempel You misunderstand. Vaccinated people in good health are immune. Some people have preexisting conditions meaning they can't take he vaccine, or become immunocompromised leaving them no longer totally immune."
287,1.12e+18,287,@AquaVelvaBoy @tammyhealy21 @kidoctr @ChrisJohnsonMD @HenningTveit @WendyOrent @doctorsensation Risks are low? Then why has there been $4+ billion paid in vaccine injury compensation with only about 1% of the cases being reported? So who's really being di
489,1.12e+18,489,"RT @nickmira_: @ scientists, why have yall not found a pollen vaccine or anything to permanently prevent seasonal allergies https://t.co/HY‚Ä¶"
459,1.12e+18,459,RT @forrestmaready: This child has measles. Can you tell? Is it obvious?  This child's measles did not come from an unvaccinated person but‚Ä¶
198,1.12e+18,198,"#Kennebunkport has been in the spotlight for having a high # of #vaccine opt-outs in their school, but check out these other schools' opt-out rates #MEpolitics: ‚Ä¢ Dresden 53.8% ‚Ä¢ Phillips 40% ‚Ä¢ Steuben 33.3% ‚Ä¢ Grtr. Ptld. Christian 28.6% ‚Ä¢ Monroe 25% ‚Ä¢ Denmark 23.8%"
286,1.12e+18,286,RT @CBSDFW: CORRECTION:  An earlier version of this story showed a file photograph of a child who had an adverse reaction to the MMR vaccin‚Ä¶
199,1.12e+18,199,"RT @CBCNews: An Ottawa cancer patient who contracted measles she got mad at anti-vaxxers after contracting the infection. ""It's so preventa‚Ä¶"
428,1.12e+18,428,"RT @GaviSeth: Today is the anniversary of the death of Maurice Hilleman, the American biologist who developed over 40 vaccines. We have him‚Ä¶"
29,1.12e+18,29,"RT @business: Bill De Blasio's vaccination order is met with shrugs and defiance in Brooklyn, the center of the city's measles outbreak htt‚Ä¶"
370,1.12e+18,370,"""It‚Äôs very frustrating because measles is one of the most transmissible viruses known to man. And we have a vaccine that‚Äôs one of the most effective vaccines known to man. And yet those two are not coming together,"" @NIAIDNews Dir. Fauci on the latest #measlesoutbreak."
154,1.12e+18,154,RT @desk_in_corner: @dpmlawfirm ‚ÄúThe best scientific study inadvertently conducted on herd immunity and vaccine shedding in the last 223 ye‚Ä¶
379,1.12e+18,379,RT @redsteeze: Got my measles vaccine right here https://t.co/ggiNRy6YkP
138,1.12e+18,138,"@zannkwan Have you read the wikipedia page?!  Also, stats behind it.  No fault court, double the claim rate, generous settlements... Of course it would skew it. A diphtheria vaccine got 600 claims, paid about 500m  .. on average 1.2 awards were made per m"
213,1.12e+18,213,"The Centers for Disease Control and Prevention recommends all children get two doses of measles vaccine, which it says is 97% effective. https://t.co/uQY5MbzuOL"
73,1.12e+18,73,"Measles: no vaccine, come another time. The interest in measles vaccination is increasing and the state is urging the Czechs to be vaccinated. https://t.co/o7xsM6FgJ0 via @iDNEScz @GIRPBrussels"
245,1.12e+18,245,"RT @GaviSeth: Today is the anniversary of the death of Maurice Hilleman, the American biologist who developed over 40 vaccines. We have him‚Ä¶"
394,1.12e+18,394,@em3804 https://t.co/3Z2EJ7cdEm
62,1.12e+18,62,RT @ViraBurnayeva: #STUDY: Combining #Vaccines At One Visit Is NOT Safe  https://t.co/xnRYb21Tez  There is NO science behind CDC recommende‚Ä¶
220,1.12e+18,220,@biancacstnr_r @rochellrdrgz hala sunduin ko na anak ko real ba yan bte may measles vaccine aman sya ih yaman kami eh ayos lang ba?
111,1.12e+18,111,"@Gwenau @vinarmani @Sick_of_Bias @ActivistPost @theintercept Your information is incomplete. Nat'l Vac Info Cntr - ""death rates for measles had dropped significantly in the U.S. BEFORE the measles vaccine was introduced in 1963.""  Check the footnotes here"
456,1.12e+18,456,@Charley_ZanMato @R_Good_Fellow @glovoi_net @forrestmaready It's not my decision for everyone to forego healthcare.  It's my decision to forego healthcare. The same applies to mandating an ineffective vaccine.  Docs are no longer docs... They are script w
10,1.12e+18,10,15 charts explain the vaccine problem in the US and the world ‚Äì Business¬†Insider https://t.co/KZwT63f0Oy https://t.co/zedbGLRvYe
56,1.12e+18,56,"De Blasio's vaccination order is met with shrugs and defiance in Brooklyn, the center of the city's measles outbreak https://t.co/ylELDnIBqh"
491,1.12e+18,491,"RT @CBSThisMorning: The role of the school nurse is more critical than ever, with a quarter of all young children suffering some kind of ch‚Ä¶"
402,1.12e+18,402,"Since 2000, #measles vaccination has prevented more than 10 million deaths in Africa - making the measles vaccine one of the best buys in public health. #TBT WHOAFRO #AVW2019 via UNICEFAfrica"
205,1.12e+18,205,US Energy Companies &amp; Sanaria collaborate for malaria vaccine https://t.co/bC0u8giTsF #EquatorialGuinea #agreement
482,1.12e+18,482,@GallaherCaren @SueQuez @TakeThatCDC @mloxton @AlexMurdoch7 @TioChango_ @Monstercoyliar @t3tragrammat0n @BeckyJohnson222 @mimetic_ @seaglass34 @itsmepanda1 @WendyOrent @Boxmenot @babyname_maven @Fiddlestix7 @VeritasEver @BlueLionBlog @EmmaGPaley @Stephani
328,1.12e+18,328,"RT @Charbrevolution: This vaccine has killed hundreds and maimed thousands of girls worldwide. It has caused cases of infertility, cancer a‚Ä¶"
87,1.12e+18,87,BUT I just watched a video of a girl having severe seizures and she would not stop. it was the MMR vaccine. it said docs confirmed she died of the complications of the vaccine. THIS VIDEO BROKE MY HEART AND IM UGLY CRYING
467,1.12e+18,467,@oralcancerfnd https://t.co/3Z2EJ7cdEm
103,1.12e+18,103,RT @DrJenGunter: So apparently you have no idea what is in each vaccine or how vaccines work.  Where exactly did you get your medical degre‚Ä¶
446,1.12e+18,446,"RT @Jimcorrsays: Harvard Medical School estimates only 1% of adverse reactions are passively reported via VAERS, so vaccine injury and deat‚Ä¶"
149,1.12e+18,149,RT @dpmlawfirm: Vaccine Hysteria reigns https://t.co/8nW94pQbzI
122,1.12e+18,122,"RT @nltarlow: You want to force #vaccinations, then remove the zero liability that #vaccine manufacturers currently have. We'll see how fas‚Ä¶"
419,1.12e+18,419,"Since 2000, #measles vaccination has prevented more than 10 million deaths in Africa - making the measles vaccine one of the best buys in public health. #TBT @WHOAFRO #AVW2019"
460,1.12e+18,460,"@gorokhovskaia @KevinRothrock @berildumaan Funny thing happens when you drill down into actual data.  # of tweets by ""RU bots"" in the sample: 72,000  # of tweets by ""RU bots"" mentioning vaccines: 90.  Pro-vaccine: 47 Anti-vaccine: 43  Now read the article"
57,1.12e+18,57,RT @BellHappe: @DoctorChristian https://t.co/qmgx77OC0w
169,1.12e+18,169,"The school nurse is often still out as kids' health problems like suicide, allergies soar https://t.co/X8VI1VMaxx via @usatoday @schoolnurses #SNEverySchoolAllDayEveryDay"
226,1.12e+18,226,RT @Wallace_Noll: @DoctorChristian YouTube is filled with testimonies from young women who've been rendered permanently ill by this vaccine‚Ä¶
181,1.12e+18,181,@TebowCouch https://t.co/h1ttLRIen1
93,1.12e+18,93,"Isabel Zendal is considered the first nurse to go into an international duty and with her help, the vaccine was able to travel so far as China! Although she stayed in America, the expedition continued to help fight the smallpox.  Hope you learnt something interesting :)"
211,1.12e+18,211,RT @StephRosenstein: @neiltyson SCIENTISTS: We‚Äôve created this incredible vaccine to help rid humanity of life threatening diseases. RESPON‚Ä¶
175,1.12e+18,175,RT @psychunseen: @JonathanMetzl https://t.co/93xCwhhJcR
219,1.12e+18,219,"RT @GaviSeth: Today is the anniversary of the death of Maurice Hilleman, the American biologist who developed over 40 vaccines. We have him‚Ä¶"
410,1.12e+18,410,"""'The Vaccine Safety Handbook' appears innocuous, a slick magazine for parents who want to raise healthy children. But tucked inside its 40 pages are false warnings that vaccines cause autism and contain cells from aborted human fetuses.  'It is our beli‚Ä¶ https://t.co/7QKjREzANo"
470,1.12e+18,470,RT @Charbrevolution: @4everleather1 @BeckyJohnson222 @AydeleB @MasterDuke1 @Dreadpirate42 @Sheeple101 @DanaElizabeth69 @45HammerTime @sweet‚Ä¶
396,1.12e+18,396,RT @cfb_18: I went out to Williamsburg to talk with the Orthodox Jewish community for this one with @hgoldman77 @business https://t.co/SLk6‚Ä¶
361,1.12e+18,361,"@tammyhealy21 @AquaVelvaBoy @ChrisJohnsonMD @ArcaneKnowledge @HenningTveit @WendyOrent @doctorsensation I've never seen one in &gt;20 yrs.  If a vaccine may be causally related to a death, it happens so rarely that science can't even demonstrate causality"
18,1.12e+18,18,@pedvr and this effect is being seen elsewhere. it is so absolutely clear that the vaccine works and will save lives. i can't imagine what messed up headspace it requires not to want that.
480,1.12e+18,480,You wanna take their poisons ? Wow ...where do you start ? Fluoride in the water / big pharma / vaccine ‚Äòadditives ‚Äò / electromagnetic waves/ petrochemical smogs/ food additives ....television ‚Äòprogrammes‚Äô newspapers ....the list goes on . My advice is to get into nature ASAP
13,1.12e+18,13,"@HLN_BE @Maggie_DeBlock, de orde van geneesheren en NVA'er Louis Ide trekken dus liever de kaart van repressie dan die van de wetenschap. Want Gaublomme is niet de enige die het nut van vaccinatie tegen mazelen in twijfel trekt. https://t.co/R69AvyOqDw"
210,1.12e+18,210,@realslimsheyla @gorskon @RyanMarino I appreciate that you referred to them as autism eugenecists because I have long felt that to be the greatest flaw of anti-vaccine advocacy that is left all too often unaddressed by those opposed to their pseudoscience
114,1.12e+18,114,"RT @drnikkistamp: Our heart transplant patients are worried about #measles outbreaks, but because #MMR is a live attenuated vaccine, they c‚Ä¶"
335,1.12e+18,335,RT @holykoolaid: Over 9000 dead from vaccine- preventable illnesses in the US in just the last few years. Enough is enough. #vaccinate  htt‚Ä¶
14,1.12e+18,14,"RT @business: Bill De Blasio's vaccination order is met with shrugs and defiance in Brooklyn, the center of the city's measles outbreak htt‚Ä¶"
208,1.12e+18,208,RT @Jimcorrsays: Did you know that since 1986 Vaccine Manufacturers cannot be sued because the amount of lawsuits against them at the time‚Ä¶
478,1.12e+18,478,RT @SheenaParish: @Charbrevolution HPV vaccine: American college of paediatricians issues rare warning against vaccine due to premature ova‚Ä¶
8,1.12e+18,8,RT @ForeignPolicy: A recent study found that thousands of Russian accounts used to spread disinformation had seized on anti-vaccine messagi‚Ä¶
223,1.12e+18,223,"RT @Stephenteap: My wife was one of the 90 women to die from this in 2017, the vaccine wasn't around when she was young, it is now. Protect‚Ä¶"
498,1.12e+18,498,"RT @Wallace_Noll: @DoctorChristian before putting chemical poisons, heavy metals &amp; disease into your body or your loved ones do research.‚Ä¶"
297,1.12e+18,297,"@glhilder @DoctorChristian Nicely made up, I had the HPV vaccine at school and I‚Äôm turning 25! Plenty of my classmates have had one or more babies so fertility seems not to be affected."
462,1.12e+18,462,@ceclindgren @WHO https://t.co/3Z2EJ7cdEm
487,1.12e+18,487,RT @Wallace_Noll: @DoctorChristian In Columbia they gave this vaccine out all at once to a very large number of teen girls &amp; 700 of them go‚Ä¶
382,1.12e+18,382,"RT @MichelleRempel: Get vaccinated, and vaccinate your children. Herd immunity saves lives. There is no reason for anyone to contract or sp‚Ä¶"
179,1.12e+18,179,@NYCMayor Hopefully you will be run out of town on a rail by mothers of vaccine injured children https://t.co/Mf6eJekAXk
295,1.12e+18,295,Ottawa mesothelioma patient angry at anti-vaxxers  https://t.co/JSrGoQDtAZ https://t.co/OMbus3jfif
385,1.12e+18,385,RT @Susan30668817: No true vaccine safety studies are done. Our children are nothing more than Guinea pigs to the Pharmaceutical industry!!‚Ä¶
134,1.12e+18,134,@BeckyJohnson222 @rugbyrhino16 @mmelgar09 @doritmi @Monstercoyliar @MAhealthforkids @seaglass34 @StopVaxxedLies @itsmepanda1 @TakeThatCDC @WendyOrent @Boxmenot @mloxton @t3tragrammat0n @mimetic_ @babyname_maven @Fiddlestix7 @VeritasEver @BlueLionBlog @Emm
408,1.12e+18,408,@NHSImmuniseScot @bmj_latest @NHS_HS @NHSinform @scotgovhealth @NHSNSS https://t.co/3Z2EJ7cdEm this vax is destroying girls in America. #Educateb4uVax
84,1.12e+18,84,There is a ‚Äúvaccine court‚Äù which has awarded over 4 BILLION to families with vaccine injured children since that time.....WE THE TAXPAYERS have paid that while the vaccine industry remains liability-free and continues making the vaccine cocktails. https://t.co/tQwnJuAPPF
60,1.12e+18,60,"RT @GaviSeth: Today is the anniversary of the death of Maurice Hilleman, the American biologist who developed over 40 vaccines. We have him‚Ä¶"
99,1.12e+18,99,"https://t.co/EfFgJ9ahq8    The information on this video includes MMR vaccine safety trials used to get the vaccine licensed, straight from the source, acquired through FREEDOM OF INFORMATION ACT requests.  Trial documents start at 54:26.  Injury list is horrific, especially GI"
109,1.12e+18,109,"@MikeStobbe Measles outbreak does not call for violation of Constitution. 0 people have died since Sept 2018 outbreak, the vaccine injures, listen 10 seconds to Dr. Offit instructing drs to mislead the press https://t.co/6lwFE4uiwq"
159,1.12e+18,159,RT @StephRosenstein: @neiltyson SCIENTISTS: We‚Äôve created this incredible vaccine to help rid humanity of life threatening diseases. RESPON‚Ä¶
192,1.12e+18,192,RT @StephRosenstein: @neiltyson SCIENTISTS: We‚Äôve created this incredible vaccine to help rid humanity of life threatening diseases. RESPON‚Ä¶
130,1.12e+18,130,RT @ThisIsCANVax: Full Interview - https://t.co/1zYfvxFWE3  How can we counter #VaccineHesitancy? -Use a multi-pronged approach  -Include v‚Ä¶
59,1.12e+18,59,To Rival $AMZN UPS Enters Healthcare--with Doorstep Nurse Delivery . #innovation #UPS  #Amazon   https://t.co/KniicoHqxe https://t.co/AzjftsiAb2
171,1.12e+18,171,RT @Corvelva: Il curioso caso del ‚Äúvaccine hero‚Äù e dell‚Äôantimorbillo singolo  In questi giorni √® scoppiata una piccola ‚Äúpolemica‚Äù attorno a‚Ä¶
241,1.12e+18,241,"RT @ajitjohnson_n: Researchers have developed a novel approach to cancer immunotherapy, injecting immune stimulants directly into a tumor t‚Ä¶"
339,1.12e+18,339,RT @BernardAFox: Great story in @TheScientistLLC about Prof. @MiriamMerad @IcahnMountSinai and her #cancer #vaccine #immunotherapy journey‚Ä¶
21,1.12e+18,21,"RT @JustinLehmiller: Scotland began a national vaccination program against #HPV in 2008 targeting 12-13 year old girls. Since then, they've‚Ä¶"
145,1.12e+18,145,RT @dpmlawfirm: Shingles Vaccine? Really? https://t.co/fDxX16OxQv
331,1.12e+18,331,@TODAYshow Polio Vaccine should be a priority . Dont take life for granted.
412,1.12e+18,412,@drphilippakaye https://t.co/3Z2EJ7cdEm
22,1.12e+18,22,RT @ForeignPolicy: A recent study found that thousands of Russian accounts used to spread disinformation had seized on anti-vaccine messagi‚Ä¶
2,1.12e+18,2,"Our PhD student, Madeleine Clark, is out in the field trialing a Rift Valley fever vaccine - follow her for updates! https://t.co/8hfMiIrsJc"
405,1.12e+18,405,RT @StephRosenstein: @neiltyson SCIENTISTS: We‚Äôve created this incredible vaccine to help rid humanity of life threatening diseases. RESPON‚Ä¶
236,1.12e+18,236,"RT @MarchofDimes: ""Protecting our children from vaccine-preventable diseases is a collective responsibility. But if we all come together in‚Ä¶"
443,1.12e+18,443,RT @SwedeninMZ: Cholera is a water-borne disease that causes almost 100 000 deaths every year ‚Äì the poor are hit the hardest. Sweden @Sida‚Ä¶
247,1.12e+18,247,@OhioAMF I am in Virginia. What can I do to help ?  I can't find a vaccine rights group in Virginia they make it so hard!!
381,1.12e+18,381,@animals_advice https://t.co/3Z2EJ7cdEm
479,1.12e+18,479,"I don‚Äôt know why, but this anti-vaccine bullshit strikes me as wildly privileged. You live in a country where vaccines are wildly and easily accessible but you‚Äôre telling people not to vaccinate their kids because of autism?"
69,1.12e+18,69,@jonathanstea @CaulfieldTim @cometeclipse So basically you just called a quarter of the parents in the province of Quebec idiots (based on current stats). Divisive language does not help. There are problems. The vaccine industry must help to fix these pro
193,1.12e+18,193,"RT @MGliksmanMDPhD: Injecting immune stimulants turns tumors into ""cancer vaccine factories"" https://t.co/EpufxdvMob via @nwtls"
36,1.12e+18,36,"RT @GaviSeth: Today is the anniversary of the death of Maurice Hilleman, the American biologist who developed over 40 vaccines. We have him‚Ä¶"
300,1.12e+18,300,"RT @slealey53: I'm just posting this to make you think! What a ‚Äúcoincidence‚Äù that NY Mayor De Blasio appointed Anita Kawatra, a former empl‚Ä¶"
306,1.12e+18,306,"RT @GaviSeth: Today is the anniversary of the death of Maurice Hilleman, the American biologist who developed over 40 vaccines. We have him‚Ä¶"
307,1.12e+18,307,RT @FloridaInvents: Happy #NationalPetDay Today we spotlight 2015 Inductee Dr. Janet Yamamoto who has helped save many cats with her feline‚Ä¶
302,1.12e+18,302,"RT @ASavageNation: ignorant parents hosting ANTI VACCINE PARTIES, spreading MEASLES - fear fo the measles vaccine originated with discredit‚Ä¶"
436,1.12e+18,436,"RT @Charbrevolution: This vaccine has killed hundreds and maimed thousands of girls worldwide. It has caused cases of infertility, cancer a‚Ä¶"
50,1.12e+18,50,"RT @MichelleRempel: Get vaccinated, and vaccinate your children. Herd immunity saves lives. There is no reason for anyone to contract or sp‚Ä¶"
395,1.12e+18,395,RT @GaviSeth: New York City declares a health emergency due to the measles outbreak.  Sad for a disease easily prevented by a cheap &amp; effec‚Ä¶
325,1.12e+18,325,"RT @slealey53: I'm just posting this to make you think! What a ‚Äúcoincidence‚Äù that NY Mayor De Blasio appointed Anita Kawatra, a former empl‚Ä¶"
129,1.12e+18,129,"@jesus_bin @MD_STAT @StephRosenstein @neiltyson Natural measles has herd immunity at around 55%, whereas vaccine herd immunity is non existent at even 95% rates.  Vaccine theory is based on the false theory of germs. Both theories were promulgated by men "
444,1.12e+18,444,RT @Anthony_Mundine: Don‚Äôt vaccine your kids period! The government bully you into vaccine ! Do your research on the shit &amp; watched the doc‚Ä¶
230,1.12e+18,230,"RT @CBSThisMorning: The role of the school nurse is more critical than ever, with a quarter of all young children suffering some kind of ch‚Ä¶"
348,1.12e+18,348,RT @SheenaParish: @Charbrevolution Shocking MMR trial vaccine results released by FOIA https://t.co/sBXfXeoZIA
217,1.12e+18,217,"RT @Stephenteap: My wife was one of the 90 women to die from this in 2017, the vaccine wasn't around when she was young, it is now. Protect‚Ä¶"
259,1.12e+18,259,"@CardinalWayne @MichelleRempel If someone who can take it elects not to, they increase risk of exposure to those who physically can't take the vaccine. It's wildly irresponsible."
288,1.12e+18,288,"RT @JF991: @ForeignPolicy Interesting that while Russia is pushing the anti-vaccine message in US, Russia itself just passed a law that mak‚Ä¶"
70,1.12e+18,70,@DanielBayley80 @DoctorChristian 1 might ask how you feel about orchestrated population destruction.  This vaccine brings with it a situation that makes it very hard for populations to reproduce at anywhere near the same rate. https://t.co/xXNG5PoAhq
39,1.12e+18,39,"To vaccinate or not to vaccinate, that is the question. Check out this article from Kansas State University's Veterinary Diagnostic Lab for more information on vaccine titer testing: https://t.co/PHpZrEoTah https://t.co/PHpZrEoTah"
256,1.12e+18,256,California is trying to eliminate vaccine medical exemptions. At what point are the rest of you going to wake up to the reality that the government is acting on behalf of a private company &amp; against its citizens?
449,1.12e+18,449,RT @Sonny5ideUp: Winner receives the vaccine https://t.co/8D1Ew04pVW
468,1.12e+18,468,RT @GeoffSchuler: @kidoctr @Mediumpimpin80 @amanda_pompili @usergenic @mcfunny @Plasticdoe @CountBurna @WendyOrent @KrochetxKorner @laurast‚Ä¶
157,1.12e+18,157,@dpmlawfirm I‚Äôm so happy to see an attorney speaking up for the vaccine injured! May God richly bless you sir!!
360,1.12e+18,360,"RT @ViraBurnayeva: ""Water that contains more than 0.2 mg (200 mcg) #Aluminum per LITER should not be used for drinking or to prepare infant‚Ä¶"
493,1.12e+18,493,"RT @ViraBurnayeva: ""Water that contains more than 0.2 mg (200 mcg) #Aluminum per LITER should not be used for drinking or to prepare infant‚Ä¶"
162,1.12e+18,162,RT @ThisIsCANVax: Full Interview - https://t.co/1zYfvxFWE3  How can we counter #VaccineHesitancy? -Use a multi-pronged approach  -Include v‚Ä¶
435,1.12e+18,435,RT @forrestmaready: Looks like the vaccine hysteria continues to spiral out of control.  Expect more measles outbreaks in New York. The vac‚Ä¶
474,1.12e+18,474,"There are very rare instances in which vaccines cause problems; but going by the numbers the danger to all of us of not being vaccinated greatly outweighs the dangers of vaccine, which is safe almost 100% of the time. https://t.co/Ju7ZAVarQY"
163,1.12e+18,163,"No, Health and Human Services didn‚Äôt say it failed to monitor vaccine safety  https://t.co/68KI5a1qyZ BS - HHS was ASKED for data - FINALLY HAD TO SUE TO GET DATA - HHS COURT RESPONSE = WE GOT NOTHING"
17,1.12e+18,17,RT @TheBeaverton: Pro-vaccine conspiracy theorists demand measles inoculation be added to CIA‚Äôs chemtrail program https://t.co/l31lcCbull h‚Ä¶
320,1.12e+18,320,@GOPHELP WHY WERE VACCINE RIGHTS ACTIVIST SHUT OUT OF THE COMMITEE!!! ?? HEARING!!!??
298,1.12e+18,298,RT @StabellBenn: A very nice and nuances article about non-specific effects of vaccines #NSEvac - where I explain why I have entered the pu‚Ä¶
182,1.12e+18,182,@JohnGNIU2ISU @Mediumpimpin80 @usergenic @CountBurna @KrochetxKorner @laurast30381821 @TeddyFreddy11 @SkepticalMutant @Just4TheCause @michabird67 @KittyAmnezia @TYLERG927 @doritmi @bobsnee @boglethemind @BoggyLuuuu @ianfmusgrave @carlsmythe @djt10 @mc40_e
15,1.12e+18,15,@LFCElaine @DoctorChristian I hope your daughters are able to reproduce.  Many women are unable to after this vaccine.  It makes pregnancy much less easy on a large scale. https://t.co/xXNG5PoAhq
260,1.12e+18,260,@Talisa_Ross @DoctorChristian strong evidence is that cervial cancer rates a few decades from now will be higher than before the vaccine.  Certainly in the 1'st 10 years of its use cervical cancer rates have increased dramatically for the younger women wh
7,1.12e+18,7,RT @SJVanders: My article on #pro-vaccine activism has been published in Social Science and Medicine @socscimed - read the full text here!:‚Ä¶
373,1.12e+18,373,@punchedmonet_ @saiberbully_ Does the HPV vaccine need to be topped up? I got it in school
127,1.12e+18,127,@DrJeanineWolf @HHSGov Check out this @NCIprevention article for info on HPV vaccine effectiveness for the prevention of cervical cancer infections. It has links to a number of studies https://t.co/8vLs42uY5f
355,1.12e+18,355,RT @luckykelsey: @DoctorChristian Anyone who has researched this vaccine properly would never allow it to be given to their child. No inert‚Ä¶
404,1.12e+18,404,@BBCScotlandNews https://t.co/3Z2EJ7cdEm this vax is destroying girls in US. #Educateb4uVax
204,1.12e+18,204,"House Bill 231, allowing pharmacists to administer immunizations to anyone 7 or older, passed the House Wednesday on third reading for the second time. #mtpol #mtleg https://t.co/j9Vn8p9nfb"
371,1.12e+18,371,"We can‚Äôt let measles make a come-back.   Before the introduction of the measles vaccine in 1963, measles caused an estimated 2.6 million deaths each year.   #VaccinesWork #VaccinesSaveLives #MOCARE4KIDS"
113,1.12e+18,113,Watch. The. Video. https://t.co/eKUtc40xaT
249,1.12e+18,249,"RT @Stephenteap: My wife was one of the 90 women to die from this in 2017, the vaccine wasn't around when she was young, it is now. Protect‚Ä¶"
43,1.12e+18,43,RT @DoctorChristian: For all the bullshit about #Gardasil and the #HPV vaccine that‚Äôs clogging up the Internet here is the truth: the jab h‚Ä¶
258,1.12e+18,258,RT @celebgossipZA: ARVs to become a thing of the past as new HIV vaccine exposes latent virus and kills it &gt;&gt;&gt; https://t.co/XKMJ0SlOE8
143,1.12e+18,143,RT @doctorsensation: You can‚Äôt make this shit up. Mmr trials only had 800 children total and over half still developed serious illness.  Sh‚Ä¶
490,1.12e+18,490,RT @marcialangton: @Anthony_Mundine You need to shut up. Babies are contracting measles because idiots like you believe these anti-vaccine‚Ä¶
238,1.12e+18,238,RT @Telford_Russian: When is a #Vaccine not a Vaccine? Update from the Vaccine War Front  https://t.co/iXWXk7L9gy  @POTUS @realDonaldTrump‚Ä¶
494,1.12e+18,494,RT @Wallace_Noll: @DoctorChristian YouTube is filled with testimonies from young women who've been rendered permanently ill by this vaccine‚Ä¶
88,1.12e+18,88,RT @Vaccinologist: @DocEMurray 5 #measles patients in the ICU? Unnecessary suffering / expenses / grief from a disease that is completely v‚Ä¶
63,1.12e+18,63,"RT @PlumRemson: @dachte @Gothamist @GwynneFitz One can't discuss ""vaccines"" as a bundle. Each has its own risk/benefit profile per individu‚Ä¶"
439,1.12e+18,439,Minnesota Establishes Autism Council - The Vaccine Reaction https://t.co/uCH75NSOR7
427,1.12e+18,427,@cervicalcanca https://t.co/3Z2EJ7cdEm
279,1.12e+18,279,"RT @evo_kositz: Hi. Vaccinate your children. Measles infections wipe out your immunological memory, making it so much easier to get sick wi‚Ä¶"
440,1.12e+18,440,"RT @WHO: #ThrowbackThursday to 1980, when global vaccine coverage for #measles was at just 17%.  Today more than 8 in 10 children receive a‚Ä¶"
128,1.12e+18,128,RT @StephRosenstein: @neiltyson SCIENTISTS: We‚Äôve created this incredible vaccine to help rid humanity of life threatening diseases. RESPON‚Ä¶
352,1.12e+18,352,RT @24BethAnn: @tannersdad @ceestave @vialnews Listening to United Voices: Sherrie Saunders talks about how in the Past the NIH &amp; the CDC c‚Ä¶
329,1.12e+18,329,"RT @Stephenteap: My wife was one of the 90 women to die from this in 2017, the vaccine wasn't around when she was young, it is now. Protect‚Ä¶"
374,1.12e+18,374,RT @Wallace_Noll: @DoctorChristian YouTube is filled with testimonies from young women who've been rendered permanently ill by this vaccine‚Ä¶
203,1.12e+18,203,Top 10 Anti-Vaccine Falsehoods And The Truth About Each https://t.co/6gOKLzV3u9
346,1.12e+18,346,"@austinprince931 Fourth, I think that making Step 1 pass/fail opens the door for more education on evaluation of science - which is more important than ever before and is one area where today‚Äôs physicians struggle.  (You can argue that this actually fue"
269,1.12e+18,269,New York‚Äôs Orthodox Jewish community is battling measles outbreaks. Vaccine deniers are to blame. - Vox https://t.co/vqAtmCo5Ed @NMQF @SHC_tweets  #vaccines #measles
336,1.12e+18,336,"RT @MichelleRempel: Get vaccinated, and vaccinate your children. Herd immunity saves lives. There is no reason for anyone to contract or sp‚Ä¶"
78,1.12e+18,78,"RT @MichelleRempel: Get vaccinated, and vaccinate your children. Herd immunity saves lives. There is no reason for anyone to contract or sp‚Ä¶"
155,1.12e+18,155,RT @StephRosenstein: @neiltyson SCIENTISTS: We‚Äôve created this incredible vaccine to help rid humanity of life threatening diseases. RESPON‚Ä¶
311,1.12e+18,311,"""Rutgers University and BioViva USA, Inc. join forces to create a vaccine against aging""  American Association for the Advancement of Sciences AAAS press release via https://t.co/ryRyTPcdX6  #disruptaging #genetherapy #genomiccounseling"
441,1.12e+18,441,RT @Sonny5ideUp: Winner receives the vaccine https://t.co/8D1Ew04pVW
214,1.12e+18,214,Ghana Announces the Roll Out of Malaria Vaccine Implementation Programme (Mvip) https://t.co/eLyNdN1ZEO
457,1.12e+18,457,RT @SarahWa26114248: @The_ClaireWitch @Charbrevolution @glovoi_net @Charley_ZanMato @forrestmaready Fine? Like the 98 million people who we‚Ä¶
472,1.12e+18,472,"@ShimonRol ◊§◊®◊¢◊í ◊ì◊ô◊ô◊ü ◊ì◊ê◊ß◊ò◊¢◊® ◊ï◊ï◊ô◊§◊ô◊ú ◊¢◊® ◊î◊ê◊ò ◊í◊¢◊ú◊¢◊®◊†◊ò ◊ï◊ï◊¢◊í◊ü ◊ï◊ï◊ê◊ß◊°◊ô◊†◊¢◊ü ◊ê◊ô◊ü ◊ì◊ô ◊§◊ï◊§◊¶◊ü ◊ô◊ê◊®. ◊ê◊ô◊ö ◊î◊ê◊ë ◊í◊¢◊§◊®◊¢◊í◊ò ◊û◊ô◊ô◊ü ◊ì◊ê◊ß◊ò◊¢◊® ◊¢◊® ◊î◊ê◊ò ◊û◊ô◊® ◊í◊¢◊¢◊†◊ò◊§◊¢◊®◊ò ◊ë◊¢◊®◊ö ◊ë◊ñ◊î""◊ú: ""We"
488,1.12e+18,488,"RT @MichaelM_ACT: @Anthony_Mundine But that's not all you're saying. You literally said ""Don‚Äôt vaccine your kids period"".  No Facebook vide‚Ä¶"
137,1.12e+18,137,RT @sburke85: .@RepTimRyan Just saw you on CNN.  The issue with health care cost is chronic illness.  The insane vaccine schedule is drivin‚Ä¶
170,1.12e+18,170,RT @StephRosenstein: @neiltyson SCIENTISTS: We‚Äôve created this incredible vaccine to help rid humanity of life threatening diseases. RESPON‚Ä¶
416,1.12e+18,416,RT @Consequeen: @rowley_dominic @Fnulaorork You are misunderstanding me. Today FM's presenters continously promote the Gardasil #HPVvaccine‚Ä¶
397,1.12e+18,397,"Participants of our Tbilisi #vaccineprocurement workshop had the opportunity to exchange challenges and good practices in vaccine registration processes. Here, the Georgia and Moldova teams discussed action plans to strengthen their country's processes. #VPTbilisi #VaccinesWork https://t.co/5cGhH61FJJ"
72,1.12e+18,72,RT @ForeignPolicy: A recent study found that thousands of Russian accounts used to spread disinformation had seized on anti-vaccine messagi‚Ä¶
324,1.12e+18,324,RT @TheBeaverton: Pro-vaccine conspiracy theorists demand measles inoculation be added to CIA‚Äôs chemtrail program https://t.co/l31lcCbull h‚Ä¶
172,1.12e+18,172,"RT @Wallace_Noll: @DoctorChristian Dr. Nicole Delepine explains how in Sweden, Australia, UK &amp; other countries where this has been used thi‚Ä¶"
388,1.12e+18,388,RT @behealthyusa: 13-Year-Boy Is Paralyzed From The Neck Down After Gardasil HPV Vaccine https://t.co/4EXkD17bvd
24,1.12e+18,24,"Read below to know about the woman this mural is made after!  The first international nurse, a free smallpox vaccine, a travel of 3 years trough the Atlantic and 22 kids involved ;) https://t.co/hunWwx7hWh"
296,1.12e+18,296,"RT @MedResJourno: ""It‚Äôs very frustrating because measles is one of the most transmissible viruses known to man. And we have a vaccine that‚Äô‚Ä¶"
495,1.12e+18,495,"RT @Wallace_Noll: @DoctorChristian Dr. Nicole Delepine explains how in Sweden, Australia, UK &amp; other countries where this has been used thi‚Ä¶"
40,1.12e+18,40,RT @doctorsensation: Another researcher condemns the HPV VACCINE  after studying it.  Once you take a close look as opposed to buying the p‚Ä¶
19,1.12e+18,19,"RT @CDCFlu: A new CDC lab test called ‚ÄòHINT‚Äô can more quickly &amp; accurately characterize circulating #flu A (H3N2) viruses, which could impr‚Ä¶"
278,1.12e+18,278,RT @BeckyJohnson222: Pretty good turnout for anti-SB276 rally for vaccine choice. 1000+ in attendance https://t.co/CNdExWnp3u
35,1.12e+18,35,@DanielBayley80 @DoctorChristian have you ever heard of 'evidence based medicine'.  there is no actual evidence this vaccine will reduce cervical cancer even 30-40 years down the line.  Experience demonstrates it certainly increases such rates in the 10-1
280,1.12e+18,280,"No upper age limit for MMR vaccine. One dose good, two better for best protection - 4 weeks between doses.  Lots of Easter holidays will be spent in mainland Europe, make sure you and your loved ones are protected. https://t.co/uWDUcUYg4i"
372,1.12e+18,372,Vaccine Clears HPV-Infected Cervical Lesions https://t.co/DbIy5aqgie
423,1.12e+18,423,"Enesi Pharma &amp; Uni Oxford to Target Plague with Novel ImplaVax-enabled Adenovirus-based Solid Dose Vaccine https://t.co/tS7CyyCd8D @Enesi_Pharma @UniofOxford Find more than 4,000 UK &amp; Irish life science business news at [LSUK] at  https://t.co/2MWXX9dNS4 https://t.co/wlsAJy4oAE"
282,1.12e+18,282,"RT @WHO: #ThrowbackThursday to 1980, when global vaccine coverage for #measles was at just 17%.  Today more than 8 in 10 children receive a‚Ä¶"
450,1.12e+18,450,RT @DrJenGunter: So apparently you have no idea what is in each vaccine or how vaccines work.  Where exactly did you get your medical degre‚Ä¶
327,1.12e+18,327,RT @StephRosenstein: @neiltyson SCIENTISTS: We‚Äôve created this incredible vaccine to help rid humanity of life threatening diseases. RESPON‚Ä¶
380,1.12e+18,380,"I‚Äôm still seeing Autism named ‚Äúvaccine injury‚Äù  By the same ppl using functioning labels too, ironically  So how does that work exactly?  Did ‚ÄúHFA‚Äù only get half the syringe of immunization or something?  &amp; the sibling also dx who WASN‚ÄôT vaccinated- was that ‚Äúspread via touch‚Äù?üôÑ"
389,1.12e+18,389,@FCInvolvement https://t.co/3Z2EJ7cdEm
452,1.12e+18,452,@DoctorChristian All of you people are very short sighted. The HPV vaccine is one of the most damaging of all vaccines. Payouts for death &amp; injuries are stratospheric https://t.co/jrW9l5t8Rf
340,1.12e+18,340,"RT @ViraBurnayeva: ""Water that contains more than 0.2 mg (200 mcg) #Aluminum per LITER should not be used for drinking or to prepare infant‚Ä¶"
268,1.12e+18,268,"RT @GaviSeth: Today is the anniversary of the death of Maurice Hilleman, the American biologist who developed over 40 vaccines. We have him‚Ä¶"
309,1.12e+18,309,RT @ForeignPolicy: A recent study found that thousands of Russian accounts used to spread disinformation had seized on anti-vaccine messagi‚Ä¶
66,1.12e+18,66,"RT @OR4MedFreedom: ""JEFFERSON CITY (Missouri) ‚Äî A bill heard in the house on Monday would prohibit the discrimination of children with vacc‚Ä¶"
353,1.12e+18,353,"Village Reach: Since 2000, #measles vaccination has prevented more than 10 million deaths in Africa - making the measles vaccine one of the best buys in public health. #TBT @WHOAFRO #AVW2019 @GaviCSO @CSOs4UHC"
209,1.12e+18,209,RT @Sonny5ideUp: Winner receives the vaccine https://t.co/8D1Ew04pVW
308,1.12e+18,308,RT @gilljacobs1: How to Immunize Yourself Against Vaccine Propaganda https://t.co/f5jIXyyOgz via @JeremyRHammond
191,1.12e+18,191,"RT @HelenEBedford: No upper age limit for MMR vaccine. One dose good, two better for best protection - 4 weeks between doses.  Lots of East‚Ä¶"
32,1.12e+18,32,https://t.co/zBWQcFIvOi CBS Busted By Mom For Using Image Of Her Vaccine-Injured Child To Falsely Claim Measles Caused Injuries https://t.co/3GlU8uyA89
390,1.12e+18,390,RT @hillemanlabs: A vaccine contains antigens to provoke an immune response and help stimulate the production of antibodies.These antigens‚Ä¶
136,1.12e+18,136,"RT @DchieraM: Before the 1963 measles vaccine was introduced, nearly 500 people died of this potentially deadly disease each year; now NY i‚Ä¶"
42,1.12e+18,42,RT @ForeignPolicy: A recent study found that thousands of Russian accounts used to spread disinformation had seized on anti-vaccine messagi‚Ä¶
383,1.12e+18,383,"RT @ViraBurnayeva: Dr. Diane Harper, #HPV Expert: Pap Smears Prevent More Cancers Than #Gardasil #Vaccine  https://t.co/fnLEsuBuja https://‚Ä¶"
231,1.12e+18,231,"The child in the picture who was used to promote the mmr as she supposedly had measles, had a REACTION to the vaccine. That is what she‚Äôs suffering from.  ‚ÄúCBS DFW in Texas used Dawn Belcher... https://t.co/ZGZOJ5Z6zH"
317,1.12e+18,317,"RT @MelanieCreane: I‚Äôm still seeing Autism named ‚Äúvaccine injury‚Äù  By the same ppl using functioning labels too, ironically  So how does th‚Ä¶"
79,1.12e+18,79,@SecAzar @SenRickScott WAITING. Can't get the new shingles vaccine the doc ordered. I still pay outrageous prices for regular meds that have been on the market for decades.  These 2 keep dragging their feet.  @GOP  @SenateGOP  @HouseGOP  @FreedomCaucus  @
195,1.12e+18,195,"@HHSGov @Surgeon_General How about the 9000+ cases of mumps and the two whistle blower scientists at Merck that said Merck committed efficacy fraud to get the Govt contract?  We need trust back in our vaccine program, ASAP!"
283,1.12e+18,283,@feeonline In this link- you will find a form that gives that the ‚Äúhealth provider‚Äù provider giving you that injection is willing to take responsibility for any damages that vaccine may cause. If they don‚Äôt sign it- you can‚Äôt be forced to succumb 
368,1.12e+18,368,@SaneVaxx https://t.co/3Z2EJ7cdEm
37,1.12e+18,37,"The HPV vaccine is most effective during adolescence, when the body produces more antibodies against the virus. That‚Äôs why @HHSvaccines recommends starting the vaccine at ages 11 or 12. https://t.co/HRMvnbkl2X #EndHPVCancers"
34,1.12e+18,34,"A new CDC lab test called ‚ÄòHINT‚Äô can more quickly &amp; accurately characterize circulating #flu A (H3N2) viruses, which could improve vaccine virus selection &amp; improve how well vaccine works against them.  Read more: https://t.co/F7pbQenRFU https://t.co/yQJ99Bp5tf"
400,1.12e+18,400,"A deadly fungal infection should help with the vaccine problem.   What's causing an outbreak of a mysterious, drug-resistant fungal infection?   https://t.co/WBNA40Gp4D via @MotherJones"
237,1.12e+18,237,"RT @IWF: Today, NYC declared a public health emergency as 285 people have now been diagnosed with measles in the city since September. @NYC‚Ä¶"
486,1.12e+18,486,RT @DoctorChristian: For all the bullshit about #Gardasil and the #HPV vaccine that‚Äôs clogging up the Internet here is the truth: the jab h‚Ä¶
326,1.12e+18,326,"RT @GaviSeth: Today is the anniversary of the death of Maurice Hilleman, the American biologist who developed over 40 vaccines. We have him‚Ä¶"
398,1.12e+18,398,RT @StephRosenstein: @neiltyson SCIENTISTS: We‚Äôve created this incredible vaccine to help rid humanity of life threatening diseases. RESPON‚Ä¶
426,1.12e+18,426,"RT @MichelleRempel: Get vaccinated, and vaccinate your children. Herd immunity saves lives. There is no reason for anyone to contract or sp‚Ä¶"
270,1.12e+18,270,"RT @MelissaLDavey: If only we gave scientists, doctors and vaccine researchers the same amount of retweets and responses we do to athletes‚Ä¶"
176,1.12e+18,176,"RT @MedResJourno: ""It‚Äôs very frustrating because measles is one of the most transmissible viruses known to man. And we have a vaccine that‚Äô‚Ä¶"
303,1.12e+18,303,Do you suppose this is the first time a vaccine reaction has been misidentified as a wild virus infection? https://t.co/gW6MrtN7I8
290,1.12e+18,290,@npsgirl @NYCMayor https://t.co/Zlc0m4bBux
49,1.12e+18,49,A bill to loosen the age limits on which vaccines can be administered by pharmacists passed the #Montana house for the second time on Wednesday. #mtpol #mtleg https://t.co/RcH4HBivHF
310,1.12e+18,310,"""Rutgers University and BioViva USA, Inc. join forces to create a vaccine against aging""  American Association for the Advancement of Sciences AAAS press release via https://t.co/jFC0T6RU9V  #disruptaging #genetherapy #genomiccounseling"
496,1.12e+18,496,@HSEImm https://t.co/3Z2EJ7cdEm
45,1.12e+18,45,"RT @business: Bill De Blasio's vaccination order is met with shrugs and defiance in Brooklyn, the center of the city's measles outbreak htt‚Ä¶"
0,1.12e+18,0,"De Blasio's vaccination order is met with shrugs and defiance in Brooklyn, the center of the city's measles outbreak https://t.co/7PdLmz4zJz"
403,1.12e+18,403,"@DavidTaormia @TheSolariReport @OWingsgirl They didn't have a vaccine for measles when I was a kid. I was very ill, as was my sister. As far as I remember, my mother was an excellent housekeeper. Measles can compromise a child's immune system for up to tw"
228,1.12e+18,228,@WHO @WHOSEARO @WHOAFRO @WHO_Europe @WHOEMRO @pahowho @WHOWPRO @DrTedros Meanwhile in Australia &amp; UK people are being urged to take flue vaccines and then being told to avoid eating oily fish because then the vaccine wont work. As a lupus sufferer wit
312,1.12e+18,312,RT @BellHappe: @DoctorChristian https://t.co/qmgx77OC0w
38,1.12e+18,38,@66Chrisn @Charley_ZanMato @R_Good_Fellow @glovoi_net @forrestmaready @CDCgov @HHSGov And in Europe 12 people were killed by a man made form of kratom. Seams to me man made things kill not natural. Plus you want a real vaccine get sick with said thing the
344,1.12e+18,344,"RT @MedResJourno: ""It‚Äôs very frustrating because measles is one of the most transmissible viruses known to man. And we have a vaccine that‚Äô‚Ä¶"
201,1.12e+18,201,@tammyhealy21 @kidoctr @ChrisJohnsonMD @ArcaneKnowledge @HenningTveit @WendyOrent @doctorsensation Here's a good piece on the NVICP. https://t.co/K0K1KjsKCl
422,1.12e+18,422,Famous Brooklyn activist: Vaccine laws unconstitutional. ‚ÄúThis is what t... https://t.co/XAvVFOVdC4 via @YouTube
75,1.12e+18,75,A new single-tier system for claims on vaccine labels should help streamline the approval process while making labels easier to understand https://t.co/AtpFHaAGDv
464,1.12e+18,464,RT @ViraBurnayeva: #STUDY: #HPV #Vaccine Linked to Premature #Menopause in Young Girls  https://t.co/Zk4FHU9Lrp #VaccineInjury https://t.co‚Ä¶
174,1.12e+18,174,RT @DoctorChristian: For all the bullshit about #Gardasil and the #HPV vaccine that‚Äôs clogging up the Internet here is the truth: the jab h‚Ä¶
415,1.12e+18,415,@HPVRoundtable https://t.co/3Z2EJ7cdEm
31,1.12e+18,31,"RT @SaneVaxx: Government authorities obviously believe that when it comes to medical procedures, one-size-fits-all. Are they right? Should‚Ä¶"
107,1.12e+18,107,@Sheeple101 @t3tragrammat0n @autism_vaccine @CplBart @SharylAttkisson @DanaElizabeth69 @Wags4Wheels @susan_welch7 @RichidsCoulter @JackCDLee @proturnedexvax @Dreadpirate42 @4everleather1 @Flwrgirl66x @Charbrevolution @boglethemind @patrici61580698 @Aydele
61,1.12e+18,61,RT @ForeignPolicy: A recent study found that thousands of Russian accounts used to spread disinformation had seized on anti-vaccine messagi‚Ä¶
27,1.12e+18,27,RT @gilljacobs1: How to Immunize Yourself Against Vaccine Propaganda https://t.co/f5jIXyyOgz via @JeremyRHammond
135,1.12e+18,135,Pfizer Vice President Blows Whistle On Gardasil:  https://t.co/W851hfJjVh via @yournewswire
52,1.12e+18,52,"RT @CR_UK: Injecting immune cell stimulants directly into a tumour could teach the immune system to spot and attack cancer cells, according‚Ä¶"
197,1.12e+18,197,RT @doctorsensation: Another researcher condemns the HPV VACCINE  after studying it.  Once you take a close look as opposed to buying the p‚Ä¶
232,1.12e+18,232,RT @ForeignPolicy: A recent study found that thousands of Russian accounts used to spread disinformation had seized on anti-vaccine messagi‚Ä¶
357,1.12e+18,357,"RT @Stephenteap: My wife was one of the 90 women to die from this in 2017, the vaccine wasn't around when she was young, it is now. Protect‚Ä¶"
393,1.12e+18,393,@CAPCpalliative Protect yourself  from dementia.  https://t.co/hzU75anTyg
104,1.12e+18,104,"""Rutgers University and BioViva USA, Inc. join forces to create a vaccine against aging""  American Association for the Advancement of Sciences AAAS press release via https://t.co/tX1iquhZcS  #disruptaging #genetherapy #genomiccounseling https://t.co/mUjYlP4CcJ"
345,1.12e+18,345,@HSELive My Daughter is 3 and I would hope the vaccine wouldn‚Äôt hurt her
141,1.12e+18,141,"When it comes to protecting yourself and your family from diseases such as measles, mumps or rubella, it can sometimes be difficult to separate fact from fiction. Learn more about these diseases and their vaccines from the Centers for Disease Control here https://t.co/Z088ezZhrY https://t.co/VbQTMOSgSS"
26,1.12e+18,26,RT @IfedayoTiffy: This is an exciting opportunity to come work with my team on vaccine seroepidemiology research in Kenya and at @KEMRI_Wel‚Ä¶
250,1.12e+18,250,RT @luckykelsey: @FCInvolvement https://t.co/3Z2EJ7cdEm
82,1.12e+18,82,"3. Get Vaccinated : Vaccines are very good for our babies, ourselves, this generation and even the generations yet unborn to prevent some Cancers and reduce mortality rate from Vaccine preventable diseases in the world!  #GetVaxxToday against HPV.! https://t.co/qPevf6fEmC"
322,1.12e+18,322,"@CTVNews An Ottawa cancer survivor is condemning anti-vaxxers, after she contracted measles while traveling overseas.  Despite having the measles vaccine, her immune system had been weakened from past cancer operations.  DONT TRAVEL WHEN SICK !"
471,1.12e+18,471,RT @dino_melaye: Transparency is the vaccine for corruption. The operations of the oil industry is opaque. APC lead administration should o‚Ä¶
12,1.12e+18,12,Are you following a #Vaccine schedule? Here's what makes it so important and how to create one. #VaccineLaw https://t.co/RWX8Tq2CL4 https://t.co/wcuPNp4AI4
6,1.12e+18,6,RT @ForeignPolicy: A recent study found that thousands of Russian accounts used to spread disinformation had seized on anti-vaccine messagi‚Ä¶
139,1.12e+18,139,"Passeport? Lunettes de soleil? Appareil photo? Tout y est! Avant de partir, n'oubliez pas de prot√©ger votre sant√©! Les voyages sont √† la une sur Vaccins411, et le site offre les conseils et les ressources dont vous avez besoin avant de partir en voyage : https://t.co/E0jBRDFIWQ"
147,1.12e+18,147,RT @dpmlawfirm: Shingles Vaccine causes Shingles https://t.co/tiJR3mQ5d3
255,1.12e+18,255,RT @luckykelsey: @DoctorChristian Anyone who has researched this vaccine properly would never allow it to be given to their child. No inert‚Ä¶
86,1.12e+18,86,"RT @nickmira_: @ scientists, why have yall not found a pollen vaccine or anything to permanently prevent seasonal allergies https://t.co/HY‚Ä¶"
142,1.12e+18,142,The convergence has officially happened.  All news is now @theonion. (I know: it has been for a while don't @ me but this is really...next level.) https://t.co/qups4jVgrD
465,1.12e+18,465,RT @REGRET_ie: In letter to parents HSE now recognise that a child should not get 2nd dose of HPV vaccine if she had a previous reaction..‚Ä¶
121,1.12e+18,121,"Mom Catches CBS Using Image of Her Vaccine-Injured Child, Falsely Claiming Measles Caused It https://t.co/PaHc1e52Hk"
451,1.12e+18,451,RT @SarahWa26114248: @The_ClaireWitch @Charbrevolution @glovoi_net @Charley_ZanMato @forrestmaready Fine? Like the 98 million people who we‚Ä¶
432,1.12e+18,432,"@nhims @nowthisnews Thank you, friend. I work with young adults with developmental disabilities and autism. Many of their parents believe that they are vaccine injured. I want the science that tells us what is causing this crazy rise in all of these chron"
483,1.12e+18,483,Thanks to Ducis  Rodgers and Dave Genova with his friend Mr Vaccine from the Dept of Health for reading to our students @Rupertelem on DEAR Day @pottstownschool @PSDRODRIGUEZ @DavidGenova33 @duciswild @PottstownNews @thesanatogapost @AmyBFrancis https://t.co/0v8d675ai4
28,1.12e+18,28,"RT @business: Bill De Blasio's vaccination order is met with shrugs and defiance in Brooklyn, the center of the city's measles outbreak htt‚Ä¶"
409,1.12e+18,409,RT @nicd_sa: The Flu vaccine is necessary every year because the influenza virus changes each year or is a mutation of an existing one.The‚Ä¶
189,1.12e+18,189,RT @IreneGentle: 'Nearly 10 million tweets from thousands of banned accounts mostly originating in Russia &amp; released by Twitter shows Canad‚Ä¶
101,1.12e+18,101,"RT @Dr_ScottK: Communicate with parents concerned about vaccines, don't vilify them  #VaccinesWork  https://t.co/XP1PAtuEWc"
16,1.12e+18,16,"@jonathanstea @CaulfieldTim @cometeclipse I'll correct your sentence for you:  ""Smart parents do their homework and choose safe vaccinations that have strict 3rd party oversight &amp; testing with transparent results to eliminate vaccine injury and provid"
188,1.12e+18,188,RT @StephRosenstein: @neiltyson SCIENTISTS: We‚Äôve created this incredible vaccine to help rid humanity of life threatening diseases. RESPON‚Ä¶
23,1.12e+18,23,"RT @CDCFlu: A new CDC lab test called ‚ÄòHINT‚Äô can more quickly &amp; accurately characterize circulating #flu A (H3N2) viruses, which could impr‚Ä¶"
351,1.12e+18,351,RT @Charbrevolution: Ooopsy you showed a vaccine reaction and tried to pass it off as wild measles https://t.co/15m6Gt09Bv
218,1.12e+18,218,"The Govt. of EG, US Energy Companies &amp; Sanaria collaborate for malaria vaccine https://t.co/cz7soSrguW"
184,1.12e+18,184,RT @StephRosenstein: @neiltyson SCIENTISTS: We‚Äôve created this incredible vaccine to help rid humanity of life threatening diseases. RESPON‚Ä¶
458,1.12e+18,458,@MedscapeOnc https://t.co/3Z2EJ7cdEm
102,1.12e+18,102,i‚Äôm in no shape of form against vaccines and my first born got all of his. my infant had his first vaccine delayed because I didn‚Äôt want him to get it right there and then at the hospital when he was LITERALLY just born. I wanted it a few weeks later.
151,1.12e+18,151,@Joshua1_5 @itsmepanda1 @rugbyrhino16 @seaglass34 @StopVaxxedLies @TakeThatCDC @WendyOrent @Boxmenot @mloxton @t3tragrammat0n @mimetic_ @Monstercoyliar @babyname_maven @Fiddlestix7 @VeritasEver @BlueLionBlog @EmmaGPaley @Stephaniethe2nd @Takethatdoctors @
215,1.12e+18,215,RT @Samanticka: Thanks @iamsambee for including this important reminder in your vaccine segment! This autistic person is tired of being par‚Ä¶
334,1.12e+18,334,@catarinascats1 @DoctorChristian If anything the vaccine has saved the fertility of women who may otherwise got cancer.
330,1.12e+18,330,RT @ForeignPolicy: A recent study found that thousands of Russian accounts used to spread disinformation had seized on anti-vaccine messagi‚Ä¶
11,1.12e+18,11,RT @BeckyJohnson222: @kidoctr @rugbyrhino16 @mmelgar09 @doritmi @Monstercoyliar @MAhealthforkids @seaglass34 @StopVaxxedLies @itsmepanda1 @‚Ä¶
67,1.12e+18,67,"@snidegrrl @DrGolfShirt Well, if Doctors explained to medically naive patients that they may feel somewhat unwell 4 a day or 2, that it's your body building immunities from the vaccine, you might not be hearing that, Kim. #CommunicationIsKey"
367,1.12e+18,367,RT @chalkomilk: @TrashMcOiltrash @MichelleRempel Herd immunity is required to protect immunocompromised people who can't handle taking the‚Ä¶
321,1.12e+18,321,@realDonaldTrump Sir: PLEASE STOP THE MANDATORY UNSAFE VACCINE LAWS
194,1.12e+18,194,@dpmlawfirm ‚ÄúThe best scientific study inadvertently conducted on herd immunity and vaccine shedding in the last 223 years. All 700 sailors vaccinated and there‚Äôs a mumps outbreak.  Oooops!‚Äù https://t.co/iyKaAcud9K
484,1.12e+18,484,"@picardonhealth I‚Äôve receive Toronto Public Health letters for my daughters because my GP recommended an alternative vaccine schedule too. The priority should be on children not vaccinated at all, not on ones who don‚Äôt follow the provincial schedule."
358,1.12e+18,358,"RT @slealey53: I'm just posting this to make you think! What a ‚Äúcoincidence‚Äù that NY Mayor De Blasio appointed Anita Kawatra, a former empl‚Ä¶"
131,1.12e+18,131,"RT @MichelleRempel: Get vaccinated, and vaccinate your children. Herd immunity saves lives. There is no reason for anyone to contract or sp‚Ä¶"
58,1.12e+18,58,"I was crying when the MMR vaccine was on the schedule for my first born. sat down my husband, read the risks &amp; we still decided to get it done. STUFF LIKE THAT VIDEO SCARES ME SO MUCH because it‚Äôs literally a russian roulette if your infant/toddler is allergic against it or not."
41,1.12e+18,41,#CMAJpodcast | Five things to know about vaccine allergy.  https://t.co/6v3DosHrZG @Health_Ontario_ #vaccines #publichealth #primarycare
68,1.12e+18,68,@VibeHi You heard about that shit they want to do in NYC with the measles vaccine? mannn. Medical tyranny
424,1.12e+18,424,@TeamImms https://t.co/3Z2EJ7cdEm
285,1.12e+18,285,RT @OEanuzel: @kathym4321 @JzAzRedpilled HOW SAD IS THIS? To allow students to silence CONSERVATIVE THOUGHTS! There should be a Vaccine for‚Ä¶
454,1.12e+18,454,RT @susan_welch7: HPV vaccine lawyer Mark Sadaka meets with 11 Japanese Attorneys https://t.co/qN8D2YEDqE
161,1.12e+18,161,https://t.co/M99k4Zxr6G
299,1.12e+18,299,@JennyCumbria @BellHappe @DoctorChristian Why would you believe this vaccine is safe from a deviant Dr?
292,1.12e+18,292,RT @Jimcorrsays: Did you know that since 1986 Vaccine Manufacturers cannot be sued because the amount of lawsuits against them at the time‚Ä¶
275,1.12e+18,275,"RT @GaviSeth: Today is the anniversary of the death of Maurice Hilleman, the American biologist who developed over 40 vaccines. We have him‚Ä¶"
289,1.12e+18,289,@JessicaAmy_1994 @DoctorChristian Because it is a fraudulent neuro toxin dangerous vaccine that has killed and maimed many
497,1.12e+18,497,"RT @Wallace_Noll: @DoctorChristian in America data was collected from 8 million women, some who took the vaccine, some who did not, married‚Ä¶"
399,1.12e+18,399,"RT @MichelleRempel: Get vaccinated, and vaccinate your children. Herd immunity saves lives. There is no reason for anyone to contract or sp‚Ä¶"
190,1.12e+18,190,"RT @drnikkistamp: Our heart transplant patients are worried about #measles outbreaks, but because #MMR is a live attenuated vaccine, they c‚Ä¶"
407,1.12e+18,407,RT @NYCHealthCommr: Thanks to Rabbi Dr. Aaron Glatt for taking a stand against anti-vaxxers and sharing the science-based evidence that the‚Ä¶
224,1.12e+18,224,Anti-vaccine conservatives often argue against vaccines for religious reason. Anti-vaccine liberals often argue against vaccines because they claim 'toxins' and 'chemicals' are bad. #nsta2019
363,1.12e+18,363,RT @doctorsensation: Another researcher condemns the HPV VACCINE  after studying it.  Once you take a close look as opposed to buying the p‚Ä¶
314,1.12e+18,314,"RT @ViraBurnayeva: Dr. Rachael L Ross, pediatrician, MD, PhD: ""I apologize from the bottom of my heart to any children &amp; parents that I hav‚Ä¶"
376,1.12e+18,376,@MarylandAAP https://t.co/3Z2EJ7cdEm
431,1.12e+18,431,RT @Stethoscope: Kudos @CincyChildrens! #nurses address the national school #nurse shortage by setting up #healthcare clinics to meet the #‚Ä¶
216,1.12e+18,216,RT @DrAbernethyFDA: Immunization is one of the most effective public health measures for combatting vaccine-preventable diseases.
222,1.12e+18,222,"‚ÄúIt‚Äôs leaving them vulnerable to the anti-vaccine crusade.‚Äù #Vaccinate #VaccinesWork ‚ÄòMonkey, Rat and Pig DNA‚Äô: How Misinformation Is Driving the Measles Outbreak Among Ultra-Orthodox Jews https://t.co/CQXT4UeX8p"
240,1.12e+18,240,@youbetyourballs That‚Äôs a pretty bold statement. What about for the Flu vaccine? That kills more people than the measles by a lot. Might need to think m that position statement through a bit. I totally hear where you‚Äôre coming from but mandatory quara
30,1.12e+18,30,RT @ForeignPolicy: A recent study found that thousands of Russian accounts used to spread disinformation had seized on anti-vaccine messagi‚Ä¶
183,1.12e+18,183,"RT @NewsInLongevity: ""Rutgers University and BioViva USA, Inc. join forces to create a vaccine against aging""  American Association for the‚Ä¶"
53,1.12e+18,53,"RT @HaElShaddaiBey: We have alot coming up for Yah @ https://t.co/ee2rP6nkhW  for example : Extended cleanses, new products like tupentine,‚Ä¶"
140,1.12e+18,140,Excuse me but wtf can MEN get the hpv vaccine for free but women with actual cervix have to pay 450 to get it????
391,1.12e+18,391,RT @SNCCLA: Court ruling highlights the threat of vaccine misinformation https://t.co/M6ulsWYciD HPV causing increased cancer in recipients‚Ä¶
301,1.12e+18,301,@FuTheChef @NYCMayor https://t.co/Zlc0m4bBux
437,1.12e+18,437,https://t.co/3Z2EJ7cdEm
323,1.12e+18,323,Measles outbreak pits Orthodox media against anti-vaxxer movement https://t.co/4WB7XPsnJO via @cjr
414,1.12e+18,414,@MichelleRempel THESE PEOPLE THAT RUN DOWN KNOWN VACCINE THAT WORK SHOULD BE SUED BY THE GO. . OR PUT IN JAIL FOR INFECTING CANADIANS !
413,1.12e+18,413,"@ShadowQueenNyx @knicnaq @gmnamedlong @HuntsmanAbby @RebeccaJarvis Lots of things are done for the greater good, or even for your own good like mandating seatbelts. Vaccine ingredients are very carefully tested + controlled by experts, but much misunderst"
90,1.12e+18,90,RT @DoctorChristian: For all the bullshit about #Gardasil and the #HPV vaccine that‚Äôs clogging up the Internet here is the truth: the jab h‚Ä¶
80,1.12e+18,80,RT @HelenBranswell: You may already know @WHO is convening an emergency committee to debate whether the North Kivu #Ebola outbreak is a glo‚Ä¶
438,1.12e+18,438,"In Mozambique, some 2,772 cases of #cholera have been reported, with six people succumbing to the disease. Thousands of people have received oral cholera vaccine during a six-day emergency campaign. https://t.co/t52Lw9EubB #CycloneIdai"
47,1.12e+18,47,"Bill De Blasio's vaccination order is met with shrugs and defiance in Brooklyn, the center of the city's measles outbreak https://t.co/5dcm3HpWnQ"
118,1.12e+18,118,RT @Sonny5ideUp: Winner receives the vaccine https://t.co/8D1Ew04pVW
455,1.12e+18,455,@StephRosenstein @AronEisenberg @neiltyson If you are scared of vaxxing you can have their child tested in the office before the vaccine is given. And There is nothing wrong with Slow-Vaxxing. One Vaccine at a time.  Doctors will slow vax your kids withou
387,1.12e+18,387,RT @CMOTamilNadu: ‡Æ®‡Ææ‡Æü‡ØÅ ‡Æ™‡Øã‡Æ±‡Øç‡Æ±‡ØÅ‡ÆÆ‡Øç ‡Æ®‡Æ≤‡Æ§‡Øç‡Æ§‡Æø‡Æü‡Øç‡Æü‡Æô‡Øç‡Æï‡Æ≥‡Øç !  ‡ÆÖ‡Æ∞‡Æö‡ØÅ ‡Æâ‡Æ§‡Æµ‡Æø‡Æ™‡ØÜ‡Æ±‡ØÅ‡ÆÆ‡Øç ‡Æá‡Æ≤‡Øç‡Æ≤‡Æô‡Øç‡Æï‡Æ≥‡Æø‡Æ≤‡ØÅ‡Æ≥‡Øç‡Æ≥ ‡ÆÆ‡ØÅ‡Æ§‡Æø‡ÆØ‡Øã‡Æ∞‡Øç‡Æï‡Æ≥‡ØÅ‡Æï‡Øç‡Æï‡ØÅ ‡Æ®‡Æø‡ÆÆ‡Øã‡Æ©‡Æø‡ÆØ‡Ææ ‡Æ§‡Æü‡ØÅ‡Æ™‡Øç‡Æ™‡ØÇ‡Æö‡Æø (Pneumonia vaccine for‚Ä¶
44,1.12e+18,44,"The @NIH has announced the initiation of a phase 1 clinical trial assessing the safety, tolerability, and efficacy of a ‚Äúuniversal‚Äù #influenzavaccine candidate, H1ssF_3928, in healthy adult patients. https://t.co/dqgDz8XLle"
106,1.12e+18,106,@Skepticscalpel @GaviSeth @picardonhealth That is the photo of Hilleman's own daughter receiving the vaccine.
349,1.12e+18,349,"RT @ViraBurnayeva: Where do you think kids go when they have a #vaccine reaction? Yes, they go to the Emergency Room.  ER Nurse Shares His‚Ä¶"
430,1.12e+18,430,Anthony - I recommend you read this before making up your mind! https://t.co/7pb07Mum0B https://t.co/YKoS9VAJ54
246,1.12e+18,246,@doctorsensation a social scientist researching vaccine safety. just what the world needed.
281,1.12e+18,281,RT @StephRosenstein: @neiltyson SCIENTISTS: We‚Äôve created this incredible vaccine to help rid humanity of life threatening diseases. RESPON‚Ä¶
98,1.12e+18,98,Opting out of measles vaccine could be a death sentence for others https://t.co/pGOvg68xee
156,1.12e+18,156,"RT @utmbnews: Middle East respiratory syndrome, or MERS, can cause fatal respiratory symptoms, systemic infection, multi-organ failure, and‚Ä¶"
378,1.12e+18,378,"RT @Wallace_Noll: @DoctorChristian Dr. Nicole Delepine explains how in Sweden, Australia, UK &amp; other countries where this has been used thi‚Ä¶"
350,1.12e+18,350,"RT @RachelRileyRR: Politicalite is a site which demonises immigrants and Muslims, promotes Tommy Robinson and has abused the story of a sic‚Ä¶"
89,1.12e+18,89,RT @ForeignPolicy: A recent study found that thousands of Russian accounts used to spread disinformation had seized on anti-vaccine messagi‚Ä¶
202,1.12e+18,202,"""Rutgers University and BioViva USA, Inc. join forces to create a vaccine against aging""  American Association for the Advancement of Sciences AAAS press release via https://t.co/OLlfeHI1pe  #disruptaging #genetherapy #genomiccounseling"
196,1.12e+18,196,@zannkwan Vaccine shedding is a quack term with no medical basis. They are referring to the Salk version of the polio virus. Live virii are rarely used.
244,1.12e+18,244,RT @DrJenGunter: I am so tired of hearing how influenza isn‚Äôt a ‚Äúbig deal‚Äù from anti vaccine forces. Personal stories can sway opinion. If‚Ä¶
9,1.12e+18,9,RT @Boxmenot: @chickenlady100 @MeddlinMegs @KrochetxKorner @HenningTveit @jerseyshorelisa @doritmi @Equality_7x2521 @mcfunny @ChrisJohnsonM‚Ä¶
225,1.12e+18,225,Then there is the anti-vaccine campaigns leading to a drastic rise in measles in the U.S. Both conservatives and liberals can be anti-vaccine. #nsta2019
92,1.12e+18,92,"@Talisa_Ross @DoctorChristian 8 million women, over 7 years had a 42% smaller propensity to get pregnant 1 or more times if they took this vaccine.  You use the word 'probably'.  there is no actual evidence this vaccine will do anybody any good at all. ht"
115,1.12e+18,115,"@zannkwan But, 503 m doeses of the vaccine administered. That means 503m people could get sick and die.  Getting into a car is a far more dangerous activity."
74,1.12e+18,74,RT @ForeignPolicy: A recent study found that thousands of Russian accounts used to spread disinformation had seized on anti-vaccine messagi‚Ä¶
264,1.12e+18,264,@BeckyJohnson222 @doritmi @Monstercoyliar @rugbyrhino16 @MAhealthforkids @seaglass34 @StopVaxxedLies @itsmepanda1 @TakeThatCDC @WendyOrent @Boxmenot @mloxton @t3tragrammat0n @mimetic_ @babyname_maven @Fiddlestix7 @VeritasEver @BlueLionBlog @EmmaGPaley @St
153,1.12e+18,153,"I got vaccine injection earlier, my left arm doesn't felt stinging pain anymore,,, but now I felt like earlier I lift tons of barbel üòíüòíüòí"
46,1.12e+18,46,"RT @business: Bill De Blasio's vaccination order is met with shrugs and defiance in Brooklyn, the center of the city's measles outbreak htt‚Ä¶"
401,1.12e+18,401,"@ShimonRol Since 1992, vaccine manufacturers have contributed $7.67 billion to the FDA  ---  The CDC recommends at least 3 pneumococcal vaccines for each child before 6 months of age. Pfizer has $8,386,013.00 contract with the CDC to manufacture the Prevn"
386,1.12e+18,386,RT @REGRET_ie: Getting the HPV vaccine ruined my life.. https://t.co/TZETBzJ8jC
265,1.12e+18,265,RT @IreneGentle: 'Nearly 10 million tweets from thousands of banned accounts mostly originating in Russia &amp; released by Twitter shows Canad‚Ä¶
25,1.12e+18,25,"RT @AmerDentalAssn: Did you know that in 2018, the ADA adopted a policy that urges dentists to support the use and administration of the HP‚Ä¶"
71,1.12e+18,71,"RT @Stephenteap: My wife was one of the 90 women to die from this in 2017, the vaccine wasn't around when she was young, it is now. Protect‚Ä¶"
254,1.12e+18,254,@olivertatom Anyone who thinks the Wakefield study is the foundation for parent concerns about vaccine safety is grossly undereducated on the growing body of science that implicate vaccine adjuvants in neuroimmune disorders. @amybtatom is trained by Pharm
294,1.12e+18,294,RT @sakamobi: „ÄêÁîªÂÉè„Äë„ÉØ„ÇØ„ÉÅ„É≥„ÇíÂèó„Åë„Å™„ÅÑ‰∏ªÁæ©„ÅÆ‰∫∫ÈÅî„ÅåÂ≠òÂú®„Åô„Çã„Å®„ÅÑ„ÅÜË°ùÊíÉ„ÅÆ‰∫ãÂÆü‚Ä¶Ëá™ÂàÜ„ÅÆÂ≠ê‰æõ„Å∏„ÅÆ„ÉØ„ÇØ„ÉÅ„É≥„ÇíÊãíÂê¶„Åô„ÇãË¶™„Åü„Å° https://t.co/ujOsTaqjFn  „ÄåÁÑ°ÈßÑ„Å´ÊÑèË≠ò„Å†„ÅëÈ´ò„ÅÑ‰∫∫„Äç„ÅÆË¢´ÂÆ≥„Åå„Åì„Çì„Å™„Å®„Åì„Çç„Å´„ÇÇ‚Ä¶üò©üò©üò©  ‚Äª„É™„É≥„ÇØÂÖà„Å´ÁîªÂÉè„ÅÇ„Çä
276,1.12e+18,276,.@RepTimRyan Just saw you on CNN.  The issue with health care cost is chronic illness.  The insane vaccine schedule is driving chronic illness but if you said that your political career would be over.  Heath cost is out of control because so many are so dependent on the system.
132,1.12e+18,132,"RT @Stephenteap: My wife was one of the 90 women to die from this in 2017, the vaccine wasn't around when she was young, it is now. Protect‚Ä¶"
152,1.12e+18,152,RT @VaxResources: Group B Strep (GBS) is a leading cause of sepsis &amp; #meningitis in young infants worldwide. No licensed vaccine exists yet‚Ä¶
177,1.12e+18,177,RT @FloridaInvents: Happy #NationalPetDay Today we spotlight 2015 Inductee Dr. Janet Yamamoto who has helped save many cats with her feline‚Ä¶
96,1.12e+18,96,We live in a world in which reading out loud the vaccine insert makes you a conspiracy theorist.  @MichelleRempel #InformedConsent https://t.co/5i4WuYzNU8
185,1.12e+18,185,RT @StephRosenstein: @neiltyson SCIENTISTS: We‚Äôve created this incredible vaccine to help rid humanity of life threatening diseases. RESPON‚Ä¶
229,1.12e+18,229,@parisunited6 C‚Äôest bon on a √©t√© vaccin√© avec De Jong
406,1.12e+18,406,RT @doctorsensation: Another researcher condemns the HPV VACCINE  after studying it.  Once you take a close look as opposed to buying the p‚Ä¶
274,1.12e+18,274,"RT @Stephenteap: My wife was one of the 90 women to die from this in 2017, the vaccine wasn't around when she was young, it is now. Protect‚Ä¶"
105,1.12e+18,105,"#Epstein-Barr @NIH: deux candidats #vaccinsüíâ produisent des #anticorps qui emp√™chent la fusion du #virusüëæ #EBV avec les cellules √©pith√©liales et les #lymphocyteB chez la #sourisüêÅ et le #singeüêí. Prochaine √©tape, des essais chez l'humainüôé‚Äç‚ôÇÔ∏èüôé‚Äç‚ôÄÔ∏è https://t.co/cJZpgXA9pD https://t.co/yTrpmqzqfo"
473,1.12e+18,473,@NHSImmuniseScot https://t.co/3Z2EJ7cdEm.  This vax is maiming and killing girls in US.
492,1.12e+18,492,@kuriousmind93 https://t.co/3Z2EJ7cdEm
5,1.12e+18,5,"RT @MichelleRempel: Get vaccinated, and vaccinate your children. Herd immunity saves lives. There is no reason for anyone to contract or sp‚Ä¶"
369,1.12e+18,369,"Weeks after 2030 HIV pledge, report shows HIV infections are on the rise. A preventative vaccine is needed! https://t.co/E9UsZn0KBK Infections rising in drug users and in Latino and Black gay men ages 25 to 34 #HIV #vaccines #prevention https://t.co/sF61it5kpk"
119,1.12e+18,119,RT @Mileystan3: @NYCMayor Hopefully you will be run out of town on a rail by mothers of vaccine injured children https://t.co/Mf6eJekAXk
343,1.12e+18,343,@NancyFe28442406 @gemmaod1 Its Insane tyhe distraction will be in full flow now that the E.U. Elections and as you said vaccine legislation is being pushed through while we watch a circus.
304,1.12e+18,304,RT @BeckyJohnson222: Pretty good turnout for anti-SB276 rally for vaccine choice. 1000+ in attendance https://t.co/CNdExWnp3u
461,1.12e+18,461,@gothwag @DrJenGunter https://t.co/3Z2EJ7cdEm
293,1.12e+18,293,RT @DoctorChristian: For all the bullshit about #Gardasil and the #HPV vaccine that‚Äôs clogging up the Internet here is the truth: the jab h‚Ä¶
364,1.12e+18,364,"RT @MedResJourno: ""It‚Äôs very frustrating because measles is one of the most transmissible viruses known to man. And we have a vaccine that‚Äô‚Ä¶"
341,1.12e+18,341,"RT @immunizetx: ""'The Vaccine Safety Handbook' appears innocuous, a slick magazine for parents who want to raise healthy children. But tuck‚Ä¶"
97,1.12e+18,97,SHOCKING MMR vaccine trial results released via FOIA - https://t.co/d9P6BTMFss  #VaxWoke #vaxxgate #followthemoney #notsafeoreffective
434,1.12e+18,434,@theangriestbean @RiaRappa3 @NYCMayor @NYCMayorsOffice That fine you are entitled to your opinions. Nobody has a RIGHT to force you to take a vaccine or face a fine or Jail!!! If you don't agree then I feel sorry for you. Tell that to a MOTHER WHOSE CHILD
475,1.12e+18,475,RT @doctordickerson: I have many reasons I choose to practice in a 100 percent vaccine clinic. First and foremost because vaccines save liv‚Ä¶
338,1.12e+18,338,"RT @WHO: #ThrowbackThursday to 1980, when global vaccine coverage for #measles was at just 17%.  Today more than 8 in 10 children receive a‚Ä¶"
180,1.12e+18,180,"@79meg The ones of us who passed this and are fine, we‚Äôre the lucky ones. I can‚Äôt believe people don‚Äôt vaccinate their kids when there exists a vaccine üòï"
377,1.12e+18,377,We would like to remind all individuals travelling to Europe and other regions experiencing measles outbreaks or where measles cases continue to occur over the Easter holidays to ensure that they receive the #MMR vaccine if needed. #VaccinesWork https://t.co/8uq0yx3owB https://t.co/gDqYroagfX
375,1.12e+18,375,RT @Wallace_Noll: @DoctorChristian People who've taken a close look at the safety trials &amp; other testing to document this vaccine have been‚Ä¶
124,1.12e+18,124,@MariaLo18675082 @post_waffle @mcfunny @DemocratFed @blackbird726 @re4life @AndrewLazarus4 @mmelgar09 @jerseyshorelisa @kenjaques @ranchmemaw @thereal_truther @ChrisJohnsonMD @t3tragrammat0n @MeddlinMegs @VeritasEver @Boxmenot @LaughlandMorgan @emartinez7
337,1.12e+18,337,Happy #NationalPetDay Today we spotlight 2015 Inductee Dr. Janet Yamamoto who has helped save many cats with her feline immunodeficiency virus vaccine. Be sure to celebrate today by getting cozy with your favorite fur babies! https://t.co/4XgShiG354
158,1.12e+18,158,"RT @MichelleRempel: Get vaccinated, and vaccinate your children. Herd immunity saves lives. There is no reason for anyone to contract or sp‚Ä¶"
417,1.12e+18,417,RT @ViraBurnayeva: @batman76137 Thanks to #vaccines you may not have children at all.  #STUDY: A lowered probability of #pregnancy in US fe‚Ä¶
227,1.12e+18,227,RT @earther_the: @DoctorChristian This vaccine has killed hundreds and maimed thousands of girls worldwide. It has caused cases of infertil‚Ä¶
1,1.12e+18,1,#Meningitis: a group A polysaccharide tetanus toxoid conjugate #vaccine (also called MenAfriVac) was developed against meningococcus. https://t.co/lpmvqlEsbi
4,1.12e+18,4,RT @SwedeninMZ: Cholera is a water-borne disease that causes almost 100 000 deaths every year ‚Äì the poor are hit the hardest. Sweden @Sida‚Ä¶
354,1.12e+18,354,RT @StephRosenstein: @neiltyson SCIENTISTS: We‚Äôve created this incredible vaccine to help rid humanity of life threatening diseases. RESPON‚Ä¶
485,1.12e+18,485,"For the vaccine - with earlier data I was pretty sure it was working. However, with the number of HCWs getting infected and @WHO and others being cagey about its effectiveness, I'm no longer sure.  For the drugs - I have seen no convincing evidence that any of them work."
64,1.12e+18,64,"#Measles isn‚Äôt only preventable disease burdening the healthcare system. According to 2015 @UNCPharmacy study, ‚Äúvaccine-preventable diseases among adults cost U.S. economy $8.95B‚Äîand unvaccinated individuals are responsible for 80%, or $7.1B, of the tab.‚Äù https://t.co/ecucw8Lq1u"
253,1.12e+18,253,@HelenFielder5 @DoctorChristian So sorry... I know a very good homeopath detoxing girls harmed by this vaccine. https://t.co/omxvIygvRE
313,1.12e+18,313,"RT @ajitjohnson_n: Researchers have developed a novel approach to cancer immunotherapy, injecting immune stimulants directly into a tumor t‚Ä¶"
20,1.12e+18,20,Measles warning letters: Chicago-area hospitals will tell anti-vaccine parents their kids are at risk ‚Äì Chicago¬†Tribune https://t.co/e8cnAEi6Sl https://t.co/CvzoSB2rp9
418,1.12e+18,418,RT @Anthony_Mundine: Don‚Äôt vaccine your kids period! The government bully you into vaccine ! Do your research on the shit &amp; watched the doc‚Ä¶
469,1.12e+18,469,@GillianPrue @BBCgmu @pollock_dr https://t.co/3Z2EJ7cdEm
362,1.12e+18,362,National shortage of school nurses complicates surge in students' health problems from allergies to suicide https://t.co/MMSMGCBGj1 via @usatoday
206,1.12e+18,206,RT @gilljacobs1: How to Immunize Yourself Against Vaccine Propaganda https://t.co/f5jIXyyOgz via @JeremyRHammond
186,1.12e+18,186,RT @dino_melaye: Transparency is the vaccine for corruption. The operations of the oil industry is opaque. APC lead administration should o‚Ä¶
234,1.12e+18,234,"RT @Stephenteap: My wife was one of the 90 women to die from this in 2017, the vaccine wasn't around when she was young, it is now. Protect‚Ä¶"
117,1.12e+18,117,"Only 2.6% of Oregon students are completely unvax  We exceed herd immunity level for each vaccine  Already have a process in place that requires unvax kids stay home in the event of an outbreak  We don't require teachers, staff, or volunteers be vaxxed  No on #hb3063 #orpol https://t.co/QPE9La8WNm"
252,1.12e+18,252,RT @Wallace_Noll: @DoctorChristian YouTube is filled with testimonies from young women who've been rendered permanently ill by this vaccine‚Ä¶
466,1.12e+18,466,@thomasbrunkard @Mikecapone16 Sorry I wasn‚Äôt clear - I was talking about the hpv vaccine!
233,1.12e+18,233,"RT @GaviSeth: Today is the anniversary of the death of Maurice Hilleman, the American biologist who developed over 40 vaccines. We have him‚Ä¶"
384,1.12e+18,384,@theebeaute I DNT KNW ABOUT NOW BUT I GOT EVERY VACCINE U CAN NAME LITERALLT WHEN I WAS KID FOR EVERYTHING SOME U SHOULD AND SOME U SHOULDN‚ÄôT
433,1.12e+18,433,RT @ForeignPolicy: A recent study found that thousands of Russian accounts used to spread disinformation had seized on anti-vaccine messagi‚Ä¶
126,1.12e+18,126,RT @Jordan_Sather_: Jews already filing into their attorney‚Äôs offices in New York to combat the mandatory vaccine order in Brooklyn declare‚Ä¶
359,1.12e+18,359,RT @Julzmomof2: @Charley_ZanMato @glovoi_net @forrestmaready Sickest generation of children right now. Yeah. Our vaccine program is clearly‚Ä¶
342,1.12e+18,342,This also perhaps explains why social media companies have been so hands-off about issues like disinformation on health topics (such as reluctance to do anything about rampant anti-vaccine groups). https://t.co/xtXbs6KLVK
392,1.12e+18,392,"@ProfGale @CTVVancouver Second sentence in the article: ‚ÄúDespite having the measles vaccine, her immune system had been weakened from past cancer operations.‚Äú"
448,1.12e+18,448,"RT @MichelleRempel: Get vaccinated, and vaccinate your children. Herd immunity saves lives. There is no reason for anyone to contract or sp‚Ä¶"
251,1.12e+18,251,"RT @MikkoTaniegra: PURE SIBERIAN HUSKY FOR SALE üêæ  ‚Ä¢ DOB: january 19, 2019 ‚Ä¢ SEX: bot female ‚Ä¢ 2x vaccine ‚Ä¢ 2x deworm ‚Ä¢ with vaccine record‚Ä¶"
248,1.12e+18,248,RT @StephRosenstein: @neiltyson SCIENTISTS: We‚Äôve created this incredible vaccine to help rid humanity of life threatening diseases. RESPON‚Ä¶
425,1.12e+18,425,RT @Sonny5ideUp: Winner receives the vaccine https://t.co/8D1Ew04pVW
